-- phpMyAdmin SQL Dump
-- version 5.2.1
-- https://www.phpmyadmin.net/
--
-- Host: 127.0.0.1
-- Generation Time: Oct 20, 2025 at 09:31 AM
-- Server version: 10.4.32-MariaDB
-- PHP Version: 8.2.12

SET SQL_MODE = "NO_AUTO_VALUE_ON_ZERO";
START TRANSACTION;
SET time_zone = "+00:00";


/*!40101 SET @OLD_CHARACTER_SET_CLIENT=@@CHARACTER_SET_CLIENT */;
/*!40101 SET @OLD_CHARACTER_SET_RESULTS=@@CHARACTER_SET_RESULTS */;
/*!40101 SET @OLD_COLLATION_CONNECTION=@@COLLATION_CONNECTION */;
/*!40101 SET NAMES utf8mb4 */;

--
-- Database: `school_management_system`
--

-- --------------------------------------------------------

--
-- Table structure for table `kurssikirjautumiset`
--

CREATE TABLE `kurssikirjautumiset` (
  `tunnus` int(11) NOT NULL,
  `opiskelija` int(11) NOT NULL,
  `kurssi` int(11) NOT NULL,
  `kirjautumispaiva` datetime NOT NULL DEFAULT current_timestamp()
) ENGINE=InnoDB DEFAULT CHARSET=utf8mb4 COLLATE=utf8mb4_general_ci;

--
-- Dumping data for table `kurssikirjautumiset`
--

INSERT INTO `kurssikirjautumiset` (`tunnus`, `opiskelija`, `kurssi`, `kirjautumispaiva`) VALUES
(1, 483, 96, '2025-03-17 18:07:01'),
(2, 551, 354, '2024-12-28 19:17:15'),
(3, 669, 102, '2025-01-27 11:08:47'),
(4, 947, 302, '2024-11-21 09:43:47'),
(5, 106, 185, '2025-08-19 16:05:37'),
(6, 801, 247, '2025-08-25 14:02:01'),
(7, 368, 176, '2025-02-12 09:13:14'),
(8, 22, 229, '2025-03-27 16:38:01'),
(9, 996, 297, '2025-08-20 16:12:45'),
(10, 283, 269, '2025-07-28 18:44:34'),
(11, 293, 333, '2025-01-02 14:14:28'),
(12, 434, 304, '2025-06-11 17:17:51'),
(13, 75, 179, '2025-05-09 08:48:51'),
(14, 433, 161, '2025-04-28 10:44:27'),
(15, 594, 384, '2025-10-03 13:17:09'),
(16, 403, 300, '2025-01-10 11:48:21'),
(17, 32, 174, '2024-10-20 09:05:24'),
(18, 873, 118, '2025-05-26 09:22:54'),
(19, 887, 213, '2025-07-03 13:38:16'),
(20, 576, 255, '2025-07-06 20:02:46'),
(21, 163, 376, '2025-04-23 15:34:07'),
(22, 239, 99, '2025-02-06 14:05:35'),
(23, 102, 310, '2025-02-22 12:53:40'),
(24, 449, 338, '2024-11-24 17:56:55'),
(25, 812, 316, '2025-08-27 13:36:12'),
(26, 399, 307, '2024-11-12 19:04:02'),
(27, 177, 177, '2025-02-05 18:14:49'),
(28, 154, 344, '2024-11-06 12:05:54'),
(29, 671, 294, '2025-04-20 11:55:06'),
(30, 531, 50, '2024-11-22 14:17:29'),
(31, 131, 40, '2025-09-06 18:53:23'),
(32, 357, 294, '2025-01-17 10:23:22'),
(33, 931, 360, '2025-07-27 11:42:17'),
(34, 320, 388, '2025-05-18 19:59:43'),
(35, 566, 36, '2025-07-29 18:04:38'),
(36, 649, 155, '2025-03-20 18:10:34'),
(37, 147, 257, '2024-12-23 19:15:10'),
(38, 256, 90, '2025-05-12 15:24:17'),
(39, 530, 134, '2025-07-24 18:44:35'),
(40, 248, 373, '2025-01-12 11:43:20'),
(41, 581, 271, '2025-03-16 20:49:03'),
(42, 935, 203, '2025-06-03 11:52:02'),
(43, 738, 374, '2025-09-14 20:20:25'),
(44, 826, 351, '2025-09-01 12:04:13'),
(45, 632, 131, '2025-01-23 17:56:45'),
(46, 938, 92, '2025-05-28 13:13:41'),
(47, 128, 314, '2025-10-13 15:25:56'),
(48, 492, 334, '2025-03-09 18:29:09'),
(49, 144, 185, '2025-05-20 12:08:15'),
(50, 521, 86, '2025-10-07 19:35:34'),
(51, 993, 308, '2025-06-07 12:47:37'),
(52, 817, 227, '2024-10-29 14:57:37'),
(53, 912, 82, '2024-12-01 14:23:14'),
(54, 789, 292, '2024-10-27 10:32:31'),
(55, 435, 369, '2025-10-12 09:48:03'),
(56, 710, 130, '2025-08-29 09:09:40'),
(57, 394, 117, '2024-11-25 10:50:43'),
(58, 469, 318, '2025-02-20 14:38:04'),
(59, 995, 372, '2025-05-17 14:24:38'),
(60, 157, 3, '2025-03-09 15:33:16'),
(61, 489, 154, '2025-10-05 16:55:00'),
(62, 853, 86, '2025-04-11 18:46:07'),
(63, 719, 264, '2025-01-10 18:56:34'),
(64, 444, 280, '2025-05-28 20:17:49'),
(65, 590, 79, '2025-07-15 18:21:07'),
(66, 111, 246, '2025-07-23 12:27:10'),
(67, 801, 239, '2025-06-13 15:00:46'),
(68, 353, 90, '2024-12-13 19:16:32'),
(69, 154, 199, '2024-11-29 20:11:32'),
(70, 111, 123, '2024-12-02 09:55:40'),
(71, 974, 219, '2024-11-06 12:53:40'),
(72, 605, 10, '2025-09-27 16:38:12'),
(73, 444, 206, '2025-10-16 10:23:48'),
(74, 943, 393, '2025-06-29 10:34:49'),
(75, 180, 384, '2024-11-19 16:58:00'),
(76, 333, 83, '2025-08-23 17:20:31'),
(77, 587, 81, '2025-05-28 08:07:59'),
(78, 392, 41, '2025-08-13 13:56:53'),
(79, 193, 118, '2025-03-20 20:19:15'),
(80, 466, 102, '2025-07-20 08:15:56'),
(81, 263, 38, '2025-09-15 17:05:05'),
(82, 531, 179, '2025-05-16 19:31:52'),
(83, 390, 391, '2025-08-09 09:48:34'),
(84, 583, 116, '2024-11-25 20:08:08'),
(85, 122, 15, '2025-09-02 18:30:35'),
(86, 105, 354, '2025-01-06 10:16:33'),
(87, 10, 182, '2025-05-04 17:27:13'),
(88, 571, 265, '2025-06-21 16:48:46'),
(89, 251, 153, '2025-05-20 19:12:45'),
(90, 292, 157, '2025-01-04 12:25:42'),
(91, 155, 389, '2025-02-14 18:23:28'),
(92, 680, 92, '2025-08-20 16:28:07'),
(93, 587, 15, '2025-04-22 11:14:04'),
(94, 872, 148, '2025-07-01 13:01:37'),
(95, 796, 185, '2025-02-24 16:14:37'),
(96, 716, 400, '2025-07-24 11:00:04'),
(97, 811, 269, '2025-09-06 19:40:03'),
(98, 542, 18, '2024-12-23 11:04:57'),
(99, 592, 350, '2025-03-13 08:55:21'),
(100, 842, 205, '2025-01-28 09:32:15'),
(101, 916, 160, '2024-11-18 12:42:31'),
(102, 612, 362, '2025-06-22 11:34:08'),
(103, 246, 66, '2024-10-22 19:59:56'),
(104, 22, 394, '2025-04-19 17:36:30'),
(105, 162, 309, '2025-07-01 11:50:30'),
(106, 210, 251, '2025-09-15 20:26:12'),
(107, 29, 232, '2025-04-06 09:06:42'),
(108, 832, 190, '2025-09-23 14:22:27'),
(109, 927, 187, '2025-09-13 14:29:55'),
(110, 324, 20, '2024-11-18 19:03:43'),
(111, 693, 50, '2025-04-21 18:41:06'),
(112, 511, 263, '2025-08-13 08:25:46'),
(113, 823, 377, '2025-09-02 13:51:55'),
(114, 89, 261, '2025-01-22 09:15:12'),
(115, 82, 194, '2025-01-16 11:34:28'),
(116, 139, 57, '2025-04-20 10:27:11'),
(117, 158, 256, '2024-11-12 12:29:15'),
(118, 650, 191, '2024-10-22 09:28:51'),
(119, 585, 47, '2025-01-10 16:06:03'),
(120, 784, 213, '2025-04-13 18:34:53'),
(121, 851, 335, '2024-12-16 08:05:59'),
(122, 160, 158, '2024-12-03 20:54:15'),
(123, 596, 400, '2025-06-14 10:26:31'),
(124, 141, 280, '2025-08-20 15:13:55'),
(125, 97, 359, '2025-01-23 14:57:03'),
(126, 888, 21, '2025-01-25 10:24:00'),
(127, 607, 275, '2025-10-04 14:16:59'),
(128, 935, 252, '2025-04-12 20:50:29'),
(129, 298, 332, '2024-12-28 12:27:44'),
(130, 675, 117, '2025-06-03 19:50:35'),
(131, 288, 359, '2025-09-07 18:45:31'),
(132, 273, 394, '2025-04-28 10:12:18'),
(133, 769, 296, '2024-12-16 11:03:37'),
(134, 821, 73, '2025-02-22 19:34:03'),
(135, 229, 111, '2025-07-19 19:20:03'),
(136, 608, 279, '2025-09-04 08:37:30'),
(137, 672, 263, '2025-04-19 16:58:54'),
(138, 695, 172, '2025-08-03 16:10:03'),
(139, 808, 190, '2024-11-19 16:05:54'),
(140, 958, 225, '2025-01-14 10:04:38'),
(141, 141, 362, '2024-12-21 09:43:55'),
(142, 295, 120, '2025-06-04 11:25:07'),
(143, 396, 303, '2025-05-25 17:15:37'),
(144, 213, 177, '2024-12-18 17:02:39'),
(145, 612, 357, '2025-06-23 09:26:42'),
(146, 682, 384, '2024-11-16 17:36:33'),
(147, 689, 355, '2025-02-28 13:59:16'),
(148, 711, 331, '2025-09-28 11:42:45'),
(149, 585, 217, '2025-03-04 13:15:16'),
(150, 922, 227, '2024-12-29 14:08:42'),
(151, 519, 206, '2025-02-27 18:19:29'),
(152, 969, 88, '2024-11-23 13:59:48'),
(153, 797, 331, '2025-01-06 09:00:29'),
(154, 646, 155, '2024-11-15 17:36:06'),
(155, 704, 176, '2025-05-18 09:34:13'),
(156, 875, 137, '2025-02-04 16:16:08'),
(157, 296, 181, '2025-07-02 13:56:04'),
(158, 313, 20, '2025-05-08 11:23:18'),
(159, 212, 76, '2025-07-23 10:28:53'),
(160, 709, 59, '2024-11-19 16:45:19'),
(161, 96, 134, '2025-04-01 17:51:41'),
(162, 240, 115, '2025-06-02 16:00:42'),
(163, 328, 88, '2025-03-05 16:19:59'),
(164, 995, 133, '2025-09-07 18:06:56'),
(165, 695, 257, '2025-07-13 10:16:07'),
(166, 792, 330, '2025-04-15 09:47:35'),
(167, 199, 373, '2025-04-15 10:17:18'),
(168, 215, 301, '2025-07-03 17:13:45'),
(169, 797, 133, '2025-05-11 13:13:43'),
(170, 678, 342, '2025-03-14 18:54:16'),
(171, 900, 192, '2025-06-29 16:31:16'),
(172, 255, 381, '2025-02-21 08:05:40'),
(173, 483, 359, '2024-11-10 14:53:17'),
(174, 753, 235, '2025-05-17 08:00:21'),
(175, 980, 132, '2025-05-30 20:08:40'),
(176, 821, 390, '2025-02-05 12:10:47'),
(177, 968, 47, '2025-09-29 15:35:45'),
(178, 880, 355, '2025-09-18 14:35:00'),
(179, 25, 398, '2025-07-24 09:04:56'),
(180, 452, 356, '2024-11-05 19:57:09'),
(181, 402, 246, '2024-12-11 16:02:53'),
(182, 576, 11, '2025-10-18 13:37:35'),
(183, 112, 205, '2025-09-03 10:27:08'),
(184, 60, 302, '2025-04-21 08:19:23'),
(185, 533, 320, '2025-09-30 20:55:02'),
(186, 518, 85, '2025-09-05 13:13:43'),
(187, 902, 177, '2025-05-31 11:42:06'),
(188, 994, 151, '2025-10-11 13:49:35'),
(189, 529, 270, '2025-04-05 14:39:47'),
(190, 83, 92, '2025-06-11 10:59:59'),
(191, 190, 221, '2024-10-28 11:55:10'),
(192, 591, 331, '2025-02-25 20:51:11'),
(193, 373, 287, '2025-03-03 14:01:11'),
(194, 45, 186, '2024-10-29 19:59:21'),
(195, 722, 220, '2024-12-11 20:59:26'),
(196, 169, 273, '2025-04-30 20:42:55'),
(197, 998, 244, '2024-10-20 19:51:15'),
(198, 337, 224, '2024-11-14 12:10:50'),
(199, 868, 4, '2025-08-16 19:06:24'),
(200, 680, 349, '2025-07-21 08:54:30'),
(201, 76, 225, '2025-06-09 11:12:52'),
(202, 907, 359, '2025-09-24 15:22:19'),
(203, 836, 6, '2025-07-04 20:55:14'),
(204, 208, 374, '2025-05-09 11:01:42'),
(205, 76, 182, '2025-03-24 11:25:21'),
(206, 927, 151, '2025-04-24 12:55:04'),
(207, 119, 194, '2025-08-14 20:17:22'),
(208, 203, 183, '2025-03-14 18:32:25'),
(209, 585, 87, '2025-02-10 18:53:34'),
(210, 409, 307, '2025-05-21 13:01:07'),
(211, 849, 393, '2024-11-06 12:11:37'),
(212, 935, 80, '2025-09-01 12:02:06'),
(213, 615, 374, '2025-07-25 17:27:22'),
(214, 469, 350, '2024-12-01 19:50:20'),
(215, 801, 333, '2025-04-04 14:38:32'),
(216, 793, 212, '2024-12-09 09:24:57'),
(217, 656, 194, '2025-01-21 17:12:16'),
(218, 753, 102, '2025-08-14 08:45:27'),
(219, 807, 357, '2025-03-02 08:33:59'),
(220, 262, 277, '2025-03-30 20:34:43'),
(221, 795, 298, '2025-08-16 19:47:47'),
(222, 887, 144, '2024-12-03 18:12:23'),
(223, 796, 172, '2025-08-24 14:04:42'),
(224, 22, 104, '2024-11-14 13:39:20'),
(225, 309, 30, '2025-06-12 18:54:07'),
(226, 789, 254, '2025-02-04 19:57:19'),
(227, 650, 301, '2025-07-09 16:19:42'),
(228, 891, 318, '2025-05-14 14:20:25'),
(229, 13, 28, '2025-07-08 19:18:35'),
(230, 297, 319, '2025-02-04 10:12:26'),
(231, 776, 80, '2025-04-22 18:24:43'),
(232, 828, 130, '2025-04-02 19:57:11'),
(233, 198, 48, '2025-06-09 17:36:19'),
(234, 72, 400, '2025-08-24 14:35:53'),
(235, 83, 105, '2025-02-26 08:19:18'),
(236, 103, 186, '2025-02-10 11:27:50'),
(237, 406, 118, '2024-10-27 17:38:41'),
(238, 417, 184, '2024-11-25 13:29:28'),
(239, 97, 165, '2024-12-14 15:43:13'),
(240, 78, 245, '2024-11-22 16:30:50'),
(241, 797, 113, '2025-07-30 20:47:10'),
(242, 67, 62, '2024-11-11 18:05:18'),
(243, 257, 282, '2025-09-22 16:42:40'),
(244, 592, 226, '2024-10-26 17:21:05'),
(245, 407, 339, '2025-06-10 20:15:43'),
(246, 428, 62, '2025-07-15 12:14:51'),
(247, 159, 121, '2025-07-07 11:09:01'),
(248, 910, 320, '2024-12-24 08:15:30'),
(249, 562, 37, '2025-04-01 17:54:49'),
(250, 474, 355, '2025-06-10 09:29:26'),
(251, 91, 96, '2025-08-07 18:36:12'),
(252, 429, 188, '2025-01-19 19:44:24'),
(253, 150, 18, '2025-04-27 15:25:15'),
(254, 460, 219, '2025-02-12 10:41:44'),
(255, 940, 96, '2025-09-27 08:57:48'),
(256, 100, 105, '2024-11-08 20:56:06'),
(257, 998, 10, '2025-02-16 20:27:14'),
(258, 59, 115, '2025-09-28 10:51:44'),
(259, 20, 54, '2025-02-05 16:29:03'),
(260, 326, 318, '2025-08-25 16:15:58'),
(261, 111, 217, '2025-06-04 09:29:08'),
(262, 873, 388, '2025-02-09 20:29:42'),
(263, 915, 295, '2025-09-05 16:35:38'),
(264, 652, 318, '2025-08-12 13:48:57'),
(265, 780, 123, '2025-02-05 15:39:52'),
(266, 592, 84, '2024-12-05 19:57:32'),
(267, 475, 192, '2025-10-05 14:53:58'),
(268, 757, 93, '2025-03-11 16:28:57'),
(269, 318, 218, '2024-12-29 10:47:55'),
(270, 913, 129, '2025-05-03 15:28:16'),
(271, 250, 223, '2025-02-10 20:15:53'),
(272, 636, 392, '2024-12-12 18:17:49'),
(273, 371, 16, '2025-06-09 20:33:31'),
(274, 404, 232, '2025-09-02 18:15:17'),
(275, 618, 28, '2025-04-27 15:04:45'),
(276, 137, 373, '2024-12-07 12:15:17'),
(277, 862, 383, '2025-08-08 13:20:57'),
(278, 850, 10, '2025-06-12 16:05:08'),
(279, 33, 173, '2025-10-16 10:14:24'),
(280, 783, 101, '2025-06-30 19:09:45'),
(281, 388, 336, '2025-01-26 11:04:26'),
(282, 920, 321, '2025-08-31 14:21:34'),
(283, 553, 298, '2025-02-18 15:26:03'),
(284, 95, 347, '2025-08-09 11:53:26'),
(285, 519, 259, '2025-04-19 14:57:49'),
(286, 626, 312, '2025-03-23 17:44:01'),
(287, 920, 385, '2024-12-31 20:36:24'),
(288, 371, 240, '2025-02-04 15:00:22'),
(289, 205, 291, '2025-02-18 12:48:24'),
(290, 189, 28, '2025-03-22 14:34:47'),
(291, 146, 230, '2025-07-06 19:34:51'),
(292, 364, 63, '2025-07-10 17:57:14'),
(293, 920, 51, '2024-10-19 15:14:17'),
(294, 477, 382, '2025-02-18 14:31:01'),
(295, 708, 209, '2025-03-22 14:21:42'),
(296, 941, 148, '2025-10-16 18:51:25'),
(297, 440, 291, '2025-03-11 19:10:53'),
(298, 307, 203, '2025-06-16 15:58:08'),
(299, 369, 247, '2024-12-24 17:34:01'),
(300, 501, 95, '2025-07-20 14:37:36'),
(301, 188, 183, '2025-06-03 18:01:05'),
(302, 218, 124, '2025-03-26 18:27:08'),
(303, 669, 220, '2025-07-15 15:11:03'),
(304, 642, 221, '2025-03-19 12:24:20'),
(305, 733, 310, '2025-02-09 11:29:20'),
(306, 631, 335, '2025-08-10 13:48:56'),
(307, 77, 233, '2024-12-02 14:17:48'),
(308, 80, 321, '2025-09-26 14:16:53'),
(309, 142, 388, '2025-01-11 09:30:01'),
(310, 820, 339, '2025-07-29 19:34:03'),
(311, 137, 2, '2025-06-08 13:14:41'),
(312, 961, 205, '2025-07-27 09:49:41'),
(313, 289, 268, '2025-10-15 08:48:01'),
(314, 58, 172, '2024-11-04 11:12:53'),
(315, 188, 61, '2025-04-11 08:39:09'),
(316, 14, 168, '2025-06-29 11:08:30'),
(317, 833, 56, '2025-07-22 18:07:36'),
(318, 446, 313, '2025-09-27 11:29:44'),
(319, 936, 334, '2025-08-25 12:49:23'),
(320, 144, 189, '2024-12-21 10:38:38'),
(321, 628, 18, '2025-09-23 19:45:07'),
(322, 692, 23, '2025-09-14 20:52:10'),
(323, 245, 295, '2025-01-22 12:06:37'),
(324, 380, 296, '2024-11-28 08:59:19'),
(325, 922, 219, '2025-08-27 17:43:58'),
(326, 646, 339, '2025-01-22 14:25:45'),
(327, 755, 237, '2024-10-26 11:04:37'),
(328, 253, 197, '2025-09-09 19:53:40'),
(329, 953, 238, '2025-03-25 11:06:44'),
(330, 34, 126, '2024-11-04 20:19:54'),
(331, 344, 330, '2024-11-28 18:38:51'),
(332, 369, 259, '2025-04-22 09:50:36'),
(333, 421, 133, '2025-02-28 20:02:22'),
(334, 102, 315, '2024-10-22 16:27:42'),
(335, 909, 53, '2025-03-08 13:04:32'),
(336, 216, 261, '2024-11-08 18:21:00'),
(337, 283, 241, '2025-10-12 14:52:31'),
(338, 116, 240, '2025-02-08 09:27:23'),
(339, 684, 64, '2025-08-21 18:57:53'),
(340, 168, 367, '2024-10-20 15:45:09'),
(341, 7, 71, '2025-01-19 14:11:46'),
(342, 285, 326, '2025-05-31 16:41:17'),
(343, 172, 365, '2025-03-14 17:51:58'),
(344, 296, 70, '2025-08-02 16:49:30'),
(345, 687, 198, '2024-10-27 15:27:52'),
(346, 278, 168, '2024-12-22 19:37:17'),
(347, 971, 303, '2025-05-19 13:54:15'),
(348, 552, 97, '2024-12-06 09:17:56'),
(349, 684, 317, '2025-09-21 15:15:48'),
(350, 49, 334, '2025-08-02 15:36:39'),
(351, 914, 294, '2025-06-17 18:24:21'),
(352, 716, 64, '2025-08-12 08:31:54'),
(353, 637, 193, '2025-06-24 13:11:31'),
(354, 389, 104, '2025-09-17 11:22:51'),
(355, 141, 80, '2024-10-23 12:21:17'),
(356, 166, 210, '2025-07-30 17:44:56'),
(357, 955, 363, '2024-11-11 12:35:00'),
(358, 338, 13, '2025-04-16 16:12:05'),
(359, 18, 260, '2024-12-21 11:46:26'),
(360, 653, 274, '2025-01-27 15:35:48'),
(361, 282, 53, '2025-05-09 11:44:30'),
(362, 568, 318, '2025-03-07 18:45:31'),
(363, 161, 96, '2025-06-05 15:50:01'),
(364, 502, 211, '2025-03-28 09:18:14'),
(365, 405, 204, '2025-02-03 14:44:15'),
(366, 976, 317, '2025-05-09 12:42:37'),
(367, 527, 154, '2025-06-25 13:30:35'),
(368, 368, 125, '2025-05-16 16:22:27'),
(369, 473, 372, '2025-03-23 19:35:21'),
(370, 982, 59, '2024-12-21 13:44:29'),
(371, 572, 82, '2025-04-06 12:19:16'),
(372, 523, 5, '2025-07-24 11:07:46'),
(373, 141, 301, '2025-04-20 11:20:07'),
(374, 630, 148, '2025-06-16 19:34:48'),
(375, 857, 147, '2025-07-04 19:11:12'),
(376, 504, 235, '2025-04-27 11:47:30'),
(377, 583, 6, '2024-11-16 12:46:37'),
(378, 574, 13, '2025-04-14 20:33:38'),
(379, 849, 395, '2025-08-21 12:06:53'),
(380, 447, 14, '2024-12-09 11:18:14'),
(381, 843, 171, '2025-04-09 13:11:19'),
(382, 467, 216, '2025-10-05 08:45:34'),
(383, 84, 395, '2025-10-07 10:17:02'),
(384, 150, 336, '2024-10-20 08:35:18'),
(385, 343, 185, '2025-04-07 19:08:40'),
(386, 384, 159, '2025-09-20 20:31:06'),
(387, 956, 72, '2025-08-08 08:36:18'),
(388, 903, 290, '2025-03-08 15:30:28'),
(389, 520, 296, '2025-07-13 13:11:03'),
(390, 355, 302, '2025-04-14 12:55:30'),
(391, 40, 302, '2024-12-06 09:52:04'),
(392, 29, 110, '2025-08-05 14:31:04'),
(393, 407, 62, '2024-10-26 17:40:43'),
(394, 709, 71, '2025-04-20 08:09:09'),
(395, 973, 14, '2025-02-03 20:36:19'),
(396, 439, 47, '2025-03-28 09:15:07'),
(397, 624, 379, '2025-01-12 16:48:26'),
(398, 627, 69, '2025-07-25 17:38:50'),
(399, 268, 250, '2025-09-20 17:14:49'),
(400, 189, 82, '2025-07-22 16:24:28'),
(401, 280, 104, '2025-02-09 15:19:55'),
(402, 106, 251, '2025-07-16 17:27:19'),
(403, 539, 1, '2025-10-04 17:39:03'),
(404, 983, 40, '2025-06-16 17:47:06'),
(405, 844, 126, '2025-06-19 20:13:40'),
(406, 878, 205, '2024-12-13 11:16:42'),
(407, 322, 350, '2025-10-09 09:10:15'),
(408, 782, 204, '2025-10-04 10:35:04'),
(409, 379, 116, '2025-07-08 10:00:26'),
(410, 908, 374, '2025-09-13 15:44:38'),
(411, 632, 324, '2025-06-07 15:18:02'),
(412, 386, 150, '2025-02-06 11:18:45'),
(413, 197, 99, '2025-02-27 12:44:55'),
(414, 496, 374, '2025-01-17 15:04:43'),
(415, 562, 46, '2025-01-07 11:59:16'),
(416, 172, 189, '2025-02-10 20:50:40'),
(417, 342, 130, '2025-06-18 17:42:51'),
(418, 989, 201, '2025-07-25 11:27:07'),
(419, 51, 220, '2025-05-20 16:14:41'),
(420, 522, 103, '2025-07-23 10:58:17'),
(421, 444, 250, '2025-03-21 10:04:03'),
(422, 644, 382, '2025-03-20 10:50:19'),
(423, 68, 205, '2025-05-24 17:47:52'),
(424, 482, 180, '2025-07-06 17:58:18'),
(425, 394, 242, '2025-03-17 15:07:29'),
(426, 209, 196, '2024-11-05 19:19:44'),
(427, 890, 256, '2025-04-07 14:17:32'),
(428, 729, 83, '2025-04-17 16:31:28'),
(429, 660, 74, '2025-10-17 09:38:02'),
(430, 779, 236, '2025-10-04 14:47:20'),
(431, 818, 267, '2025-04-17 17:16:01'),
(432, 749, 148, '2025-10-05 09:14:43'),
(433, 302, 177, '2025-08-02 17:37:01'),
(434, 524, 369, '2025-09-17 20:43:52'),
(435, 861, 399, '2025-04-11 12:36:02'),
(436, 421, 278, '2024-11-17 20:48:11'),
(437, 459, 111, '2025-08-10 15:33:41'),
(438, 807, 4, '2025-09-29 15:58:17'),
(439, 580, 230, '2025-10-13 10:37:27'),
(440, 696, 189, '2025-08-19 18:52:31'),
(441, 195, 185, '2025-09-13 09:30:22'),
(442, 46, 173, '2025-06-27 14:21:20'),
(443, 453, 13, '2024-10-26 18:06:54'),
(444, 498, 253, '2024-11-21 10:21:26'),
(445, 205, 111, '2025-06-17 19:31:18'),
(446, 576, 155, '2025-08-06 18:25:52'),
(447, 560, 330, '2024-11-03 20:35:02'),
(448, 737, 297, '2025-04-01 15:05:20'),
(449, 698, 199, '2025-09-08 12:20:07'),
(450, 269, 25, '2025-07-18 20:25:55'),
(451, 464, 383, '2025-04-14 16:52:00'),
(452, 882, 32, '2024-10-23 18:55:34'),
(453, 350, 143, '2025-05-23 15:26:03'),
(454, 956, 1, '2025-07-31 11:33:23'),
(455, 238, 140, '2025-05-26 17:48:31'),
(456, 270, 89, '2025-08-25 18:28:48'),
(457, 467, 386, '2025-04-07 08:13:17'),
(458, 230, 68, '2025-08-26 16:08:59'),
(459, 817, 113, '2025-01-17 12:28:56'),
(460, 183, 190, '2025-03-20 19:31:07'),
(461, 460, 206, '2025-04-10 08:40:38'),
(462, 740, 51, '2025-07-01 20:15:45'),
(463, 120, 251, '2025-02-13 10:19:35'),
(464, 305, 320, '2025-03-28 08:35:26'),
(465, 678, 81, '2025-04-05 09:14:53'),
(466, 549, 261, '2024-11-25 09:29:07'),
(467, 567, 78, '2025-05-26 18:53:09'),
(468, 913, 275, '2025-08-18 15:59:45'),
(469, 463, 303, '2025-08-23 12:32:45'),
(470, 82, 43, '2024-10-28 12:26:53'),
(471, 139, 304, '2025-04-13 15:30:15'),
(472, 46, 82, '2025-07-24 15:35:09'),
(473, 242, 133, '2024-12-26 14:12:58'),
(474, 153, 325, '2025-08-29 17:32:47'),
(475, 155, 194, '2024-11-01 10:55:04'),
(476, 917, 86, '2025-03-01 12:49:50'),
(477, 629, 266, '2025-06-09 14:21:59'),
(478, 81, 173, '2025-06-05 20:32:17'),
(479, 249, 93, '2025-06-17 08:18:46'),
(480, 671, 2, '2024-12-02 12:53:37'),
(481, 375, 228, '2024-10-26 17:42:31'),
(482, 321, 80, '2024-11-15 10:28:34'),
(483, 325, 299, '2024-12-07 15:22:21'),
(484, 739, 202, '2025-02-27 16:48:34'),
(485, 872, 187, '2024-12-26 14:29:59'),
(486, 995, 382, '2025-01-28 13:55:12'),
(487, 783, 264, '2025-06-08 19:15:36'),
(488, 152, 298, '2024-12-05 14:14:54'),
(489, 31, 242, '2024-12-17 20:26:02'),
(490, 208, 289, '2025-05-21 13:47:30'),
(491, 853, 109, '2024-10-26 19:58:51'),
(492, 915, 45, '2024-12-19 14:24:42'),
(493, 909, 342, '2024-12-05 20:52:41'),
(494, 426, 326, '2025-06-24 10:31:02'),
(495, 525, 156, '2025-06-06 10:32:37'),
(496, 44, 219, '2025-03-30 13:55:06'),
(497, 700, 275, '2025-10-06 15:06:33'),
(498, 782, 159, '2025-03-10 15:00:46'),
(499, 183, 319, '2025-04-15 10:26:55'),
(500, 525, 272, '2025-05-31 18:09:04'),
(501, 144, 171, '2025-07-06 15:50:16'),
(502, 165, 288, '2024-11-17 13:39:44'),
(503, 830, 160, '2025-06-10 14:41:05'),
(504, 977, 387, '2024-12-26 13:54:43'),
(505, 162, 364, '2025-06-25 16:24:20'),
(506, 550, 37, '2025-01-06 18:45:56'),
(507, 366, 278, '2025-06-15 20:31:55'),
(508, 177, 375, '2025-01-27 16:02:39'),
(509, 874, 395, '2025-03-22 09:15:40'),
(510, 592, 280, '2024-12-07 18:58:18'),
(511, 240, 298, '2025-03-11 11:47:05'),
(512, 717, 166, '2024-11-06 14:06:48'),
(513, 475, 67, '2025-01-14 18:45:55'),
(514, 923, 28, '2025-04-15 09:28:10'),
(515, 945, 351, '2025-08-26 19:19:57'),
(516, 952, 169, '2024-12-03 08:02:20'),
(517, 49, 198, '2025-05-29 20:03:18'),
(518, 249, 369, '2025-09-08 13:23:27'),
(519, 388, 48, '2024-11-12 10:15:33'),
(520, 627, 141, '2025-10-17 14:36:43'),
(521, 659, 244, '2024-11-09 20:11:10'),
(522, 235, 277, '2025-09-22 10:05:39'),
(523, 474, 187, '2025-09-13 14:39:43'),
(524, 903, 333, '2025-09-05 11:31:58'),
(525, 586, 130, '2024-12-07 17:09:14'),
(526, 826, 215, '2025-04-08 15:40:16'),
(527, 579, 349, '2025-02-22 15:16:42'),
(528, 475, 133, '2025-01-28 08:57:51'),
(529, 804, 60, '2025-10-03 15:57:18'),
(530, 601, 127, '2025-01-18 18:34:10'),
(531, 197, 35, '2025-04-10 09:28:22'),
(532, 85, 58, '2025-06-26 17:19:40'),
(533, 190, 344, '2025-08-22 14:44:16'),
(534, 91, 98, '2025-03-11 15:54:19'),
(535, 761, 175, '2025-04-05 11:24:54'),
(536, 636, 151, '2025-05-20 15:06:15'),
(537, 895, 188, '2025-05-15 14:36:22'),
(538, 723, 131, '2025-07-21 17:18:44'),
(539, 866, 5, '2025-08-26 12:01:53'),
(540, 942, 186, '2025-01-23 18:25:17'),
(541, 981, 294, '2025-04-27 08:36:55'),
(542, 494, 223, '2025-05-21 18:49:47'),
(543, 868, 205, '2024-12-14 08:58:38'),
(544, 362, 254, '2025-02-01 19:31:53'),
(545, 712, 385, '2025-01-08 12:49:51'),
(546, 919, 186, '2025-06-30 11:38:51'),
(547, 400, 190, '2025-07-05 13:14:40'),
(548, 214, 296, '2025-10-17 11:39:16'),
(549, 22, 381, '2025-04-11 18:48:46'),
(550, 333, 388, '2025-04-20 20:42:43'),
(551, 844, 3, '2025-07-13 10:40:06'),
(552, 996, 93, '2025-05-20 18:41:02'),
(553, 7, 223, '2025-05-11 12:50:28'),
(554, 479, 293, '2025-03-11 08:37:23'),
(555, 737, 277, '2025-04-25 19:08:05'),
(556, 565, 162, '2024-12-29 12:20:47'),
(557, 739, 226, '2025-01-09 14:11:12'),
(558, 946, 314, '2025-02-09 10:50:34'),
(559, 512, 165, '2024-11-18 13:33:32'),
(560, 762, 71, '2024-11-19 12:53:10'),
(561, 566, 328, '2024-11-05 12:58:52'),
(562, 153, 142, '2025-08-19 15:51:18'),
(563, 967, 399, '2025-05-14 19:55:21'),
(564, 336, 63, '2025-03-21 20:07:29'),
(565, 104, 91, '2025-10-14 09:09:48'),
(566, 335, 274, '2025-01-11 11:55:43'),
(567, 428, 122, '2025-09-25 19:43:25'),
(568, 495, 314, '2025-04-26 20:35:23'),
(569, 439, 336, '2024-11-25 09:50:25'),
(570, 258, 196, '2025-05-27 08:16:34'),
(571, 892, 103, '2025-05-26 09:29:23'),
(572, 805, 79, '2025-01-29 18:47:43'),
(573, 46, 19, '2025-03-12 12:37:24'),
(574, 29, 5, '2025-07-28 18:23:06'),
(575, 425, 387, '2025-03-29 18:14:30'),
(576, 821, 67, '2025-01-16 08:39:56'),
(577, 204, 222, '2025-08-27 16:20:58'),
(578, 186, 313, '2025-06-25 17:14:41'),
(579, 741, 338, '2024-12-19 09:40:52'),
(580, 124, 322, '2025-05-20 15:58:44'),
(581, 187, 281, '2025-10-10 12:41:26'),
(582, 153, 9, '2025-09-20 09:08:02'),
(583, 684, 224, '2024-12-16 08:19:31'),
(584, 683, 379, '2024-11-24 09:06:15'),
(585, 425, 129, '2025-02-16 16:08:24'),
(586, 627, 26, '2024-12-15 15:23:42'),
(587, 230, 228, '2025-04-08 19:44:34'),
(588, 259, 193, '2025-03-04 14:37:47'),
(589, 677, 96, '2025-07-22 19:09:56'),
(590, 385, 395, '2025-04-16 14:41:06'),
(591, 517, 224, '2025-08-13 15:39:26'),
(592, 276, 62, '2025-09-15 12:02:44'),
(593, 287, 375, '2025-05-31 13:13:28'),
(594, 625, 108, '2025-01-03 15:15:54'),
(595, 119, 68, '2024-10-30 13:06:43'),
(596, 352, 91, '2025-06-28 13:34:57'),
(597, 944, 27, '2024-11-07 18:22:03'),
(598, 797, 139, '2025-03-05 14:17:12'),
(599, 215, 33, '2025-03-08 09:54:52'),
(600, 59, 332, '2025-05-09 15:05:42');

-- --------------------------------------------------------

--
-- Table structure for table `kurssit`
--

CREATE TABLE `kurssit` (
  `tunnus` int(11) NOT NULL,
  `nimi` varchar(100) DEFAULT NULL,
  `kuvaus` text DEFAULT NULL,
  `alkupaiva` date DEFAULT NULL,
  `loppupaiva` date DEFAULT NULL,
  `opettaja` int(11) NOT NULL,
  `tila` int(11) NOT NULL
) ;

--
-- Dumping data for table `kurssit`
--

INSERT INTO `kurssit` (`tunnus`, `nimi`, `kuvaus`, `alkupaiva`, `loppupaiva`, `opettaja`, `tila`) VALUES
(1, 'Introduction to Programming', 'A comprehensive course covering key concepts in introduction to programming.', '2025-01-20', '2026-03-05', 75, 111),
(2, 'Data Structures', 'A comprehensive course covering key concepts in data structures.', '2024-12-21', '2026-02-18', 79, 55),
(3, 'Algorithms', 'Students will learn foundational skills and applications related to algorithms.', '2025-01-11', '2026-04-27', 94, 197),
(4, 'Operating Systems', 'This course introduces students to the practical and theoretical aspects of operating systems.', '2025-01-30', '2025-12-25', 91, 345),
(5, 'Database Systems', 'This course introduces students to the practical and theoretical aspects of database systems.', '2025-01-12', '2026-09-10', 8, 88),
(6, 'Web Development Basics', 'This course introduces students to the practical and theoretical aspects of web development basics.', '2025-02-05', '2026-11-10', 18, 68),
(7, 'Full-Stack Web Development', 'A comprehensive course covering key concepts in full-stack web development.', '2025-03-15', '2026-11-06', 96, 142),
(8, 'Mobile App Development', 'A hands-on course with projects and labs focused on mobile app development.', '2024-12-09', '2025-11-24', 59, 211),
(9, 'Software Engineering', 'A comprehensive course covering key concepts in software engineering.', '2025-09-06', '2026-07-27', 29, 271),
(10, 'Computer Networks', 'A hands-on course with projects and labs focused on computer networks.', '2025-09-23', '2026-11-17', 100, 127),
(11, 'Cybersecurity Fundamentals', 'An in-depth exploration of topics and case studies in cybersecurity fundamentals.', '2025-01-24', '2026-02-24', 57, 231),
(12, 'Machine Learning', 'A comprehensive course covering key concepts in machine learning.', '2024-10-26', '2025-11-23', 51, 288),
(13, 'Artificial Intelligence', 'A comprehensive course covering key concepts in artificial intelligence.', '2025-01-02', '2026-04-05', 23, 191),
(14, 'Natural Language Processing', 'A comprehensive course covering key concepts in natural language processing.', '2024-12-15', '2026-11-13', 11, 171),
(15, 'Computer Graphics', 'This course introduces students to the practical and theoretical aspects of computer graphics.', '2025-04-27', '2026-01-19', 25, 14),
(16, 'Human-Computer Interaction', 'This course introduces students to the practical and theoretical aspects of human-computer interaction.', '2025-04-17', '2026-05-24', 84, 110),
(17, 'Cloud Computing', 'A hands-on course with projects and labs focused on cloud computing.', '2025-03-03', '2026-07-03', 35, 143),
(18, 'DevOps Practices', 'A hands-on course with projects and labs focused on devops practices.', '2025-07-14', '2026-04-23', 12, 301),
(19, 'Embedded Systems', 'A comprehensive course covering key concepts in embedded systems.', '2025-02-10', '2026-08-16', 77, 199),
(20, 'Parallel Computing', 'A hands-on course with projects and labs focused on parallel computing.', '2025-10-17', '2026-04-04', 3, 192),
(21, 'Calculus I', 'This course introduces students to the practical and theoretical aspects of calculus i.', '2025-06-28', '2026-06-13', 80, 153),
(22, 'Calculus II', 'A hands-on course with projects and labs focused on calculus ii.', '2024-12-15', '2026-02-03', 93, 247),
(23, 'Linear Algebra', 'An in-depth exploration of topics and case studies in linear algebra.', '2025-08-22', '2026-06-22', 43, 196),
(24, 'Discrete Mathematics', 'This course introduces students to the practical and theoretical aspects of discrete mathematics.', '2025-09-09', '2026-01-16', 13, 377),
(25, 'Probability and Statistics', 'An in-depth exploration of topics and case studies in probability and statistics.', '2024-11-07', '2026-07-26', 58, 115),
(26, 'Numerical Methods', 'A hands-on course with projects and labs focused on numerical methods.', '2024-11-30', '2026-06-06', 4, 196),
(27, 'Differential Equations', 'Students will learn foundational skills and applications related to differential equations.', '2024-12-22', '2026-11-04', 62, 33),
(28, 'Mathematical Modelling', 'A comprehensive course covering key concepts in mathematical modelling.', '2025-10-01', '2026-05-06', 85, 99),
(29, 'Optimization Theory', 'This course introduces students to the practical and theoretical aspects of optimization theory.', '2025-01-30', '2026-05-22', 85, 335),
(30, 'Graph Theory', 'An in-depth exploration of topics and case studies in graph theory.', '2025-01-24', '2026-03-07', 6, 130),
(31, 'Classical Mechanics', 'Students will learn foundational skills and applications related to classical mechanics.', '2025-04-23', '2026-10-09', 47, 342),
(32, 'Electromagnetism', 'Students will learn foundational skills and applications related to electromagnetism.', '2024-10-20', '2026-11-12', 26, 218),
(33, 'Thermodynamics', 'This course introduces students to the practical and theoretical aspects of thermodynamics.', '2025-08-23', '2026-03-31', 10, 6),
(34, 'Quantum Physics', 'This course introduces students to the practical and theoretical aspects of quantum physics.', '2025-02-11', '2026-02-11', 87, 148),
(35, 'Optics', 'Students will learn foundational skills and applications related to optics.', '2025-09-07', '2026-07-01', 86, 1),
(36, 'Solid State Physics', 'A comprehensive course covering key concepts in solid state physics.', '2025-06-25', '2026-01-13', 15, 273),
(37, 'Astrophysics', 'A comprehensive course covering key concepts in astrophysics.', '2025-05-31', '2026-01-06', 58, 91),
(38, 'Nuclear Physics', 'An in-depth exploration of topics and case studies in nuclear physics.', '2025-10-01', '2026-05-23', 6, 347),
(39, 'Experimental Physics', 'A comprehensive course covering key concepts in experimental physics.', '2025-09-14', '2026-02-02', 75, 344),
(40, 'Particle Physics', 'Students will learn foundational skills and applications related to particle physics.', '2025-09-20', '2026-11-16', 80, 6),
(41, 'Introduction to Economics', 'Students will learn foundational skills and applications related to introduction to economics.', '2025-09-06', '2026-05-03', 76, 28),
(42, 'Microeconomics', 'A hands-on course with projects and labs focused on microeconomics.', '2025-06-13', '2025-12-18', 13, 270),
(43, 'Macroeconomics', 'Students will learn foundational skills and applications related to macroeconomics.', '2025-01-07', '2026-07-28', 23, 31),
(44, 'Financial Accounting', 'A comprehensive course covering key concepts in financial accounting.', '2025-10-12', '2026-07-29', 36, 136),
(45, 'Managerial Accounting', 'An in-depth exploration of topics and case studies in managerial accounting.', '2025-07-13', '2026-02-13', 38, 6),
(46, 'Marketing Principles', 'A hands-on course with projects and labs focused on marketing principles.', '2025-04-07', '2026-06-20', 80, 308),
(47, 'Digital Marketing', 'A comprehensive course covering key concepts in digital marketing.', '2025-10-10', '2026-06-26', 68, 352),
(48, 'Entrepreneurship', 'An in-depth exploration of topics and case studies in entrepreneurship.', '2025-06-13', '2026-01-19', 76, 58),
(49, 'Project Management', 'A comprehensive course covering key concepts in project management.', '2025-04-26', '2026-02-19', 21, 101),
(50, 'Business Ethics', 'A hands-on course with projects and labs focused on business ethics.', '2025-08-19', '2026-02-19', 71, 185),
(51, 'English for Academic Purposes', 'Students will learn foundational skills and applications related to english for academic purposes.', '2025-02-13', '2026-10-24', 84, 51),
(52, 'Business English', 'A hands-on course with projects and labs focused on business english.', '2024-12-17', '2026-01-06', 74, 223),
(53, 'Finnish for Beginners', 'Students will learn foundational skills and applications related to finnish for beginners.', '2025-01-04', '2026-01-04', 34, 149),
(54, 'Finnish Intermediate', 'A hands-on course with projects and labs focused on finnish intermediate.', '2025-08-10', '2026-07-28', 54, 57),
(55, 'Spanish Basics', 'This course introduces students to the practical and theoretical aspects of spanish basics.', '2024-10-21', '2026-08-05', 87, 251),
(56, 'French for Travelers', 'A comprehensive course covering key concepts in french for travelers.', '2025-09-12', '2026-02-09', 20, 260),
(57, 'Translation Studies', 'A comprehensive course covering key concepts in translation studies.', '2025-01-12', '2025-12-22', 23, 39),
(58, 'Creative Writing', 'This course introduces students to the practical and theoretical aspects of creative writing.', '2025-01-30', '2026-08-14', 89, 76),
(59, 'Technical Writing', 'Students will learn foundational skills and applications related to technical writing.', '2025-01-13', '2026-10-20', 69, 120),
(60, 'Public Speaking', 'A comprehensive course covering key concepts in public speaking.', '2025-01-04', '2026-08-12', 5, 375),
(61, 'Art History', 'This course introduces students to the practical and theoretical aspects of art history.', '2025-07-23', '2026-09-18', 23, 245),
(62, 'Graphic Design Basics', 'A comprehensive course covering key concepts in graphic design basics.', '2025-08-25', '2026-09-08', 39, 273),
(63, 'Photography Fundamentals', 'An in-depth exploration of topics and case studies in photography fundamentals.', '2025-04-19', '2026-06-21', 19, 292),
(64, 'Digital Illustration', 'Students will learn foundational skills and applications related to digital illustration.', '2025-05-12', '2026-02-16', 52, 384),
(65, 'Music Theory', 'An in-depth exploration of topics and case studies in music theory.', '2025-03-18', '2026-04-28', 36, 36),
(66, 'Modern Dance', 'Students will learn foundational skills and applications related to modern dance.', '2024-12-06', '2026-06-16', 77, 397),
(67, 'Theatre Workshop', 'This course introduces students to the practical and theoretical aspects of theatre workshop.', '2025-03-03', '2026-10-29', 66, 121),
(68, 'Film Studies', 'Students will learn foundational skills and applications related to film studies.', '2025-07-16', '2026-07-09', 87, 385),
(69, 'Typography', 'Students will learn foundational skills and applications related to typography.', '2025-10-18', '2026-02-21', 50, 263),
(70, 'Ceramics', 'This course introduces students to the practical and theoretical aspects of ceramics.', '2025-03-28', '2026-03-01', 71, 369),
(71, 'Introduction to Tourism', 'Students will learn foundational skills and applications related to introduction to tourism.', '2025-02-11', '2026-07-08', 57, 11),
(72, 'Travel Planning and Management', 'A comprehensive course covering key concepts in travel planning and management.', '2025-03-17', '2026-06-28', 95, 159),
(73, 'World Heritage Sites', 'A hands-on course with projects and labs focused on world heritage sites.', '2025-09-26', '2026-04-01', 90, 11),
(74, 'Sustainable Tourism', 'This course introduces students to the practical and theoretical aspects of sustainable tourism.', '2024-12-09', '2026-01-17', 8, 69),
(75, 'Cultural Tourism in Finland', 'A hands-on course with projects and labs focused on cultural tourism in finland.', '2025-03-29', '2026-07-10', 68, 121),
(76, 'Tourist Attractions: Europe', 'This course introduces students to the practical and theoretical aspects of tourist attractions: europe.', '2024-10-28', '2026-07-05', 43, 318),
(77, 'Tourist Attractions: Asia', 'This course introduces students to the practical and theoretical aspects of tourist attractions: asia.', '2025-05-02', '2026-01-04', 73, 121),
(78, 'Hospitality Management', 'An in-depth exploration of topics and case studies in hospitality management.', '2025-01-28', '2026-04-11', 44, 245),
(79, 'Event Management', 'An in-depth exploration of topics and case studies in event management.', '2025-02-02', '2026-04-22', 41, 312),
(80, 'Tour Guide Training', 'Students will learn foundational skills and applications related to tour guide training.', '2025-08-23', '2026-09-04', 12, 318),
(81, 'Introduction to Psychology', 'A hands-on course with projects and labs focused on introduction to psychology.', '2025-06-19', '2026-04-24', 49, 345),
(82, 'Human Anatomy', 'This course introduces students to the practical and theoretical aspects of human anatomy.', '2025-09-07', '2025-12-16', 58, 98),
(83, 'First Aid and CPR', 'Students will learn foundational skills and applications related to first aid and cpr.', '2025-04-02', '2025-12-04', 2, 248),
(84, 'Nutrition and Health', 'A comprehensive course covering key concepts in nutrition and health.', '2025-05-07', '2026-08-10', 83, 279),
(85, 'Public Health', 'This course introduces students to the practical and theoretical aspects of public health.', '2025-05-18', '2026-05-13', 63, 238),
(86, 'Mental Health Awareness', 'A comprehensive course covering key concepts in mental health awareness.', '2025-08-06', '2026-01-18', 97, 57),
(87, 'Physiotherapy Basics', 'Students will learn foundational skills and applications related to physiotherapy basics.', '2025-08-29', '2026-05-14', 14, 3),
(88, 'Healthcare Ethics', 'An in-depth exploration of topics and case studies in healthcare ethics.', '2025-03-25', '2025-12-14', 61, 226),
(89, 'Epidemiology', 'Students will learn foundational skills and applications related to epidemiology.', '2025-02-28', '2026-04-28', 89, 199),
(90, 'Healthcare Management', 'A comprehensive course covering key concepts in healthcare management.', '2024-11-14', '2026-03-20', 100, 172),
(91, 'Environmental Science', 'This course introduces students to the practical and theoretical aspects of environmental science.', '2025-08-31', '2025-12-26', 29, 35),
(92, 'Renewable Energy Systems', 'A hands-on course with projects and labs focused on renewable energy systems.', '2025-07-10', '2026-04-17', 53, 249),
(93, 'Robotics Basics', 'Students will learn foundational skills and applications related to robotics basics.', '2025-06-02', '2026-07-12', 48, 306),
(94, 'Blockchain Fundamentals', 'This course introduces students to the practical and theoretical aspects of blockchain fundamentals.', '2025-04-09', '2026-09-22', 4, 246),
(95, 'Cryptography', 'An in-depth exploration of topics and case studies in cryptography.', '2025-05-08', '2026-04-02', 6, 228),
(96, 'Urban Planning', 'An in-depth exploration of topics and case studies in urban planning.', '2024-12-20', '2026-08-08', 64, 363),
(97, 'Graphic Novel Creation', 'An in-depth exploration of topics and case studies in graphic novel creation.', '2024-11-24', '2026-02-28', 13, 50),
(98, 'Cooking Basics', 'This course introduces students to the practical and theoretical aspects of cooking basics.', '2025-05-02', '2026-10-14', 70, 244),
(99, 'Wine Tasting for Beginners', 'Students will learn foundational skills and applications related to wine tasting for beginners.', '2025-03-15', '2026-06-05', 32, 306),
(100, 'Gardening and Horticulture', 'This course introduces students to the practical and theoretical aspects of gardening and horticulture.', '2025-05-12', '2026-08-05', 60, 249),
(101, 'Project in Electromagnetism', 'A hands-on course with projects and labs focused on project in electromagnetism.', '2025-06-22', '2026-04-05', 41, 204),
(102, 'Laboratory: Spanish Basics', 'This course introduces students to the practical and theoretical aspects of laboratory: spanish basics.', '2025-05-26', '2026-06-18', 2, 64),
(103, 'Project in DevOps Practices', 'A comprehensive course covering key concepts in project in devops practices.', '2025-07-04', '2026-07-16', 94, 382),
(104, 'Introduction to Computer Graphics', 'An in-depth exploration of topics and case studies in introduction to computer graphics.', '2025-10-16', '2026-03-13', 4, 321),
(105, 'Advanced Tourist Attractions: Asia', 'A hands-on course with projects and labs focused on advanced tourist attractions: asia.', '2025-02-11', '2026-08-19', 64, 42),
(106, 'Project in Public Speaking', 'A hands-on course with projects and labs focused on project in public speaking.', '2025-08-21', '2026-03-14', 19, 361),
(107, 'Advanced Data Structures', 'A hands-on course with projects and labs focused on advanced data structures.', '2025-07-09', '2026-07-17', 74, 56),
(108, 'Applied Graphic Novel Creation', 'Students will learn foundational skills and applications related to applied graphic novel creation.', '2025-08-31', '2026-10-09', 19, 169),
(109, 'Applied Computer Graphics', 'An in-depth exploration of topics and case studies in applied computer graphics.', '2025-01-14', '2025-12-23', 31, 324),
(110, 'Introduction to Programming - Part 110', 'This course introduces students to the practical and theoretical aspects of introduction to programming - part 110.', '2025-08-07', '2026-05-06', 80, 185),
(111, 'Advanced Music Theory', 'Students will learn foundational skills and applications related to advanced music theory.', '2025-05-16', '2026-05-25', 56, 82),
(112, 'Project in Human Anatomy', 'This course introduces students to the practical and theoretical aspects of project in human anatomy.', '2025-02-23', '2026-05-07', 18, 138),
(113, 'Introduction to Entrepreneurship', 'A hands-on course with projects and labs focused on introduction to entrepreneurship.', '2025-10-06', '2025-12-23', 95, 268),
(114, 'Introduction to Programming - Part 114', 'A comprehensive course covering key concepts in introduction to programming - part 114.', '2025-08-13', '2026-06-12', 41, 138),
(115, 'Theory of Computer Graphics', 'Students will learn foundational skills and applications related to theory of computer graphics.', '2025-06-10', '2026-01-08', 46, 97),
(116, 'Fundamentals of Classical Mechanics', 'A hands-on course with projects and labs focused on fundamentals of classical mechanics.', '2025-06-14', '2026-03-08', 66, 128),
(117, 'Advanced Cybersecurity Fundamentals', 'A comprehensive course covering key concepts in advanced cybersecurity fundamentals.', '2024-11-06', '2026-02-07', 12, 213),
(118, 'Project in Cooking Basics', 'This course introduces students to the practical and theoretical aspects of project in cooking basics.', '2024-10-29', '2026-07-12', 56, 7),
(119, 'Seminar in Public Health', 'This course introduces students to the practical and theoretical aspects of seminar in public health.', '2025-01-16', '2026-11-14', 100, 326),
(120, 'Project in Quantum Physics', 'An in-depth exploration of topics and case studies in project in quantum physics.', '2025-02-22', '2026-06-03', 3, 211),
(121, 'Project in Mathematical Modelling', 'This course introduces students to the practical and theoretical aspects of project in mathematical modelling.', '2025-09-01', '2026-08-21', 92, 46),
(122, 'Applied Renewable Energy Systems', 'Students will learn foundational skills and applications related to applied renewable energy systems.', '2025-08-06', '2026-10-17', 42, 251),
(123, 'Project in Translation Studies', 'This course introduces students to the practical and theoretical aspects of project in translation studies.', '2025-02-11', '2025-12-21', 35, 226),
(124, 'Advanced Optimization Theory', 'A hands-on course with projects and labs focused on advanced optimization theory.', '2024-11-09', '2025-12-02', 79, 355),
(125, 'Introduction to Tourism - Part 125', 'A comprehensive course covering key concepts in introduction to tourism - part 125.', '2025-02-25', '2026-07-08', 27, 79),
(126, 'Fundamentals of Computer Networks', 'A comprehensive course covering key concepts in fundamentals of computer networks.', '2025-08-08', '2026-01-09', 32, 293),
(127, 'Advanced Macroeconomics', 'Students will learn foundational skills and applications related to advanced macroeconomics.', '2025-05-13', '2026-05-05', 27, 137),
(128, 'Seminar in Mental Health Awareness', 'This course introduces students to the practical and theoretical aspects of seminar in mental health awareness.', '2025-05-12', '2026-05-26', 3, 172),
(129, 'Laboratory: Robotics Basics', 'This course introduces students to the practical and theoretical aspects of laboratory: robotics basics.', '2025-01-17', '2026-03-09', 6, 308),
(130, 'Workshop: Art History', 'A comprehensive course covering key concepts in workshop: art history.', '2025-01-07', '2026-07-17', 68, 278),
(131, 'Workshop: Public Health', 'An in-depth exploration of topics and case studies in workshop: public health.', '2025-03-01', '2026-01-17', 70, 132),
(132, 'Fundamentals of Public Speaking', 'A comprehensive course covering key concepts in fundamentals of public speaking.', '2025-10-12', '2026-07-23', 60, 285),
(133, 'Workshop: Mobile App Development', 'A comprehensive course covering key concepts in workshop: mobile app development.', '2025-08-09', '2026-03-01', 9, 240),
(134, 'Practical Electromagnetism', 'An in-depth exploration of topics and case studies in practical electromagnetism.', '2025-02-25', '2026-01-20', 49, 85),
(135, 'Workshop: DevOps Practices', 'An in-depth exploration of topics and case studies in workshop: devops practices.', '2024-11-27', '2026-02-20', 49, 188),
(136, 'Advanced Electromagnetism', 'A hands-on course with projects and labs focused on advanced electromagnetism.', '2025-05-10', '2026-05-18', 72, 251),
(137, 'Fundamentals of Artificial Intelligence', 'A hands-on course with projects and labs focused on fundamentals of artificial intelligence.', '2025-10-05', '2026-04-14', 97, 68),
(138, 'Advanced Data Structures - Part 138', 'This course introduces students to the practical and theoretical aspects of advanced data structures - part 138.', '2025-01-11', '2026-09-05', 61, 93),
(139, 'Workshop: Calculus II', 'This course introduces students to the practical and theoretical aspects of workshop: calculus ii.', '2025-02-02', '2026-07-26', 78, 125),
(140, 'Fundamentals of Business English', 'A comprehensive course covering key concepts in fundamentals of business english.', '2025-07-17', '2026-05-13', 59, 289),
(141, 'Applied Business Ethics', 'An in-depth exploration of topics and case studies in applied business ethics.', '2025-04-10', '2026-06-18', 44, 245),
(142, 'Workshop: Astrophysics', 'A hands-on course with projects and labs focused on workshop: astrophysics.', '2025-08-29', '2026-06-08', 38, 284),
(143, 'Seminar in Public Health - Part 143', 'Students will learn foundational skills and applications related to seminar in public health - part 143.', '2024-12-11', '2026-01-29', 89, 293),
(144, 'Fundamentals of Mathematical Modelling', 'A hands-on course with projects and labs focused on fundamentals of mathematical modelling.', '2025-07-13', '2025-11-29', 69, 276),
(145, 'Theory of Mobile App Development (Lab)', 'An in-depth exploration of topics and case studies in theory of mobile app development (lab).', '2025-06-08', '2026-10-29', 24, 308),
(146, 'Project in Music Theory', 'A hands-on course with projects and labs focused on project in music theory.', '2024-11-19', '2026-01-03', 86, 8),
(147, 'Introduction to Cybersecurity Fundamentals (Intro)', 'This course introduces students to the practical and theoretical aspects of introduction to cybersecurity fundamentals (intro).', '2024-12-04', '2026-05-29', 24, 24),
(148, 'Advanced Business English', 'A hands-on course with projects and labs focused on advanced business english.', '2025-07-11', '2026-07-13', 42, 255),
(149, 'Laboratory: Electromagnetism', 'A hands-on course with projects and labs focused on laboratory: electromagnetism.', '2025-04-10', '2026-05-20', 53, 249),
(150, 'Workshop: Cybersecurity Fundamentals', 'A hands-on course with projects and labs focused on workshop: cybersecurity fundamentals.', '2025-03-11', '2026-07-05', 91, 18),
(151, 'Theory of Theatre Workshop', 'This course introduces students to the practical and theoretical aspects of theory of theatre workshop.', '2025-08-16', '2026-11-17', 24, 278),
(152, 'Theory of Mental Health Awareness', 'An in-depth exploration of topics and case studies in theory of mental health awareness.', '2025-08-26', '2026-10-30', 78, 338),
(153, 'Applied Cloud Computing', 'A comprehensive course covering key concepts in applied cloud computing.', '2025-02-17', '2026-01-12', 69, 160),
(154, 'Seminar in Data Structures', 'A hands-on course with projects and labs focused on seminar in data structures.', '2025-06-03', '2025-12-25', 49, 282),
(155, 'Advanced Artificial Intelligence', 'A hands-on course with projects and labs focused on advanced artificial intelligence.', '2024-12-23', '2026-01-15', 34, 222),
(156, 'Introduction to Quantum Physics', 'A comprehensive course covering key concepts in introduction to quantum physics.', '2025-04-08', '2026-05-21', 66, 387),
(157, 'Theory of Electromagnetism', 'An in-depth exploration of topics and case studies in theory of electromagnetism.', '2025-06-24', '2026-10-24', 49, 229),
(158, 'Applied Ceramics', 'A hands-on course with projects and labs focused on applied ceramics.', '2025-06-22', '2026-04-08', 85, 193),
(159, 'Project in Data Structures', 'A comprehensive course covering key concepts in project in data structures.', '2025-09-12', '2026-06-23', 28, 149),
(160, 'Applied DevOps Practices (Intro)', 'A hands-on course with projects and labs focused on applied devops practices (intro).', '2024-12-10', '2026-02-18', 95, 148),
(161, 'Applied Parallel Computing', 'This course introduces students to the practical and theoretical aspects of applied parallel computing.', '2025-05-12', '2026-09-02', 67, 359),
(162, 'Theory of Renewable Energy Systems', 'Students will learn foundational skills and applications related to theory of renewable energy systems.', '2024-11-06', '2026-11-09', 47, 19),
(163, 'Seminar in Music Theory', 'A comprehensive course covering key concepts in seminar in music theory.', '2025-08-20', '2026-05-14', 19, 300),
(164, 'Workshop: Machine Learning', 'A comprehensive course covering key concepts in workshop: machine learning.', '2025-04-09', '2026-06-08', 26, 177),
(165, 'Introduction to Programming - Part 165', 'Students will learn foundational skills and applications related to introduction to programming - part 165.', '2024-11-28', '2026-07-20', 54, 158),
(166, 'Seminar in Calculus I', 'An in-depth exploration of topics and case studies in seminar in calculus i.', '2024-10-25', '2025-12-31', 66, 325),
(167, 'Fundamentals of Travel Planning and Management (II)', 'A hands-on course with projects and labs focused on fundamentals of travel planning and management (ii).', '2025-10-06', '2026-07-17', 3, 79),
(168, 'Theory of Database Systems', 'This course introduces students to the practical and theoretical aspects of theory of database systems.', '2025-07-20', '2026-11-11', 50, 258),
(169, 'Introduction to French for Travelers (III)', 'A comprehensive course covering key concepts in introduction to french for travelers (iii).', '2024-12-30', '2026-08-20', 89, 138),
(170, 'Practical Marketing Principles', 'A comprehensive course covering key concepts in practical marketing principles.', '2025-08-24', '2026-07-13', 15, 379),
(171, 'Project in Marketing Principles', 'An in-depth exploration of topics and case studies in project in marketing principles.', '2025-05-16', '2026-07-31', 18, 160),
(172, 'Introduction to Tour Guide Training', 'This course introduces students to the practical and theoretical aspects of introduction to tour guide training.', '2024-11-03', '2025-11-26', 41, 98),
(173, 'Introduction to Calculus I', 'A comprehensive course covering key concepts in introduction to calculus i.', '2025-04-06', '2026-06-22', 64, 161),
(174, 'Theory of Linear Algebra', 'An in-depth exploration of topics and case studies in theory of linear algebra.', '2025-09-14', '2025-11-26', 7, 91),
(175, 'Practical Mental Health Awareness', 'A comprehensive course covering key concepts in practical mental health awareness.', '2024-12-19', '2026-01-28', 20, 139),
(176, 'Fundamentals of Project Management', 'This course introduces students to the practical and theoretical aspects of fundamentals of project management.', '2025-02-07', '2026-10-15', 17, 319),
(177, 'Seminar in Numerical Methods', 'This course introduces students to the practical and theoretical aspects of seminar in numerical methods.', '2024-12-19', '2026-03-26', 63, 73),
(178, 'Fundamentals of Optimization Theory', 'An in-depth exploration of topics and case studies in fundamentals of optimization theory.', '2025-09-16', '2026-03-01', 54, 333),
(179, 'Applied Macroeconomics', 'Students will learn foundational skills and applications related to applied macroeconomics.', '2024-12-08', '2026-01-01', 70, 60),
(180, 'Project in Managerial Accounting', 'A hands-on course with projects and labs focused on project in managerial accounting.', '2025-07-04', '2026-02-03', 65, 141),
(181, 'Fundamentals of Macroeconomics (III)', 'This course introduces students to the practical and theoretical aspects of fundamentals of macroeconomics (iii).', '2025-07-28', '2026-02-21', 11, 185),
(182, 'Applied Cultural Tourism in Finland (Lab)', 'An in-depth exploration of topics and case studies in applied cultural tourism in finland (lab).', '2025-02-11', '2025-12-21', 65, 224),
(183, 'Theory of Managerial Accounting', 'A hands-on course with projects and labs focused on theory of managerial accounting.', '2024-11-07', '2026-01-24', 63, 370),
(184, 'Workshop: Computer Graphics', 'This course introduces students to the practical and theoretical aspects of workshop: computer graphics.', '2025-05-16', '2026-04-05', 74, 148),
(185, 'Fundamentals of Thermodynamics', 'A comprehensive course covering key concepts in fundamentals of thermodynamics.', '2025-01-14', '2026-04-15', 52, 69),
(186, 'Project in Theatre Workshop', 'This course introduces students to the practical and theoretical aspects of project in theatre workshop.', '2025-01-10', '2026-01-28', 87, 290),
(187, 'Workshop: Digital Marketing (III)', 'A hands-on course with projects and labs focused on workshop: digital marketing (iii).', '2024-11-05', '2025-11-27', 37, 321),
(188, 'Introduction to Economics - Part 188', 'Students will learn foundational skills and applications related to introduction to economics - part 188.', '2025-02-27', '2026-04-11', 26, 11),
(189, 'Applied Music Theory', 'Students will learn foundational skills and applications related to applied music theory.', '2025-08-09', '2026-08-17', 46, 301),
(190, 'Applied Business English', 'This course introduces students to the practical and theoretical aspects of applied business english.', '2024-11-01', '2025-12-20', 50, 234),
(191, 'Workshop: Finnish Intermediate', 'This course introduces students to the practical and theoretical aspects of workshop: finnish intermediate.', '2025-03-04', '2026-03-18', 8, 139),
(192, 'Laboratory: Event Management', 'A hands-on course with projects and labs focused on laboratory: event management.', '2025-04-25', '2026-04-01', 56, 97),
(193, 'Introduction to Programming - Part 193', 'An in-depth exploration of topics and case studies in introduction to programming - part 193.', '2025-08-17', '2026-06-21', 92, 167),
(194, 'Laboratory: Cultural Tourism in Finland', 'An in-depth exploration of topics and case studies in laboratory: cultural tourism in finland.', '2025-05-03', '2026-10-19', 50, 376),
(195, 'Seminar in Translation Studies', 'A hands-on course with projects and labs focused on seminar in translation studies.', '2025-09-06', '2026-09-26', 88, 253),
(196, 'Introduction to Art History', 'Students will learn foundational skills and applications related to introduction to art history.', '2025-08-04', '2026-02-14', 92, 42),
(197, 'Laboratory: Modern Dance', 'This course introduces students to the practical and theoretical aspects of laboratory: modern dance.', '2024-12-19', '2026-07-29', 16, 245),
(198, 'Applied Physiotherapy Basics', 'This course introduces students to the practical and theoretical aspects of applied physiotherapy basics.', '2025-08-18', '2026-04-04', 10, 366),
(199, 'Fundamentals of Embedded Systems (Project)', 'A hands-on course with projects and labs focused on fundamentals of embedded systems (project).', '2025-06-06', '2026-06-22', 5, 172),
(200, 'Advanced Wine Tasting for Beginners', 'A hands-on course with projects and labs focused on advanced wine tasting for beginners.', '2025-01-22', '2026-11-08', 98, 383),
(201, 'Workshop: Probability and Statistics', 'This course introduces students to the practical and theoretical aspects of workshop: probability and statistics.', '2025-10-18', '2026-04-12', 21, 286),
(202, 'Fundamentals of Embedded Systems', 'A comprehensive course covering key concepts in fundamentals of embedded systems.', '2024-11-11', '2026-10-08', 3, 78),
(203, 'Workshop: Gardening and Horticulture', 'A hands-on course with projects and labs focused on workshop: gardening and horticulture.', '2025-04-20', '2026-04-23', 63, 150),
(204, 'Fundamentals of Public Speaking - Part 204', 'A comprehensive course covering key concepts in fundamentals of public speaking - part 204.', '2025-08-25', '2026-02-11', 98, 48),
(205, 'Introduction to Technical Writing', 'A hands-on course with projects and labs focused on introduction to technical writing.', '2025-02-03', '2026-06-19', 34, 45),
(206, 'Laboratory: Travel Planning and Management', 'An in-depth exploration of topics and case studies in laboratory: travel planning and management.', '2025-10-12', '2026-01-30', 52, 23),
(207, 'Project in Event Management', 'A hands-on course with projects and labs focused on project in event management.', '2025-04-23', '2026-05-17', 85, 64),
(208, 'Introduction to Creative Writing', 'An in-depth exploration of topics and case studies in introduction to creative writing.', '2025-01-06', '2026-03-26', 37, 82),
(209, 'Applied Creative Writing', 'Students will learn foundational skills and applications related to applied creative writing.', '2025-04-07', '2025-12-30', 21, 136),
(210, 'Project in Wine Tasting for Beginners', 'This course introduces students to the practical and theoretical aspects of project in wine tasting for beginners.', '2024-10-21', '2025-12-15', 53, 114),
(211, 'Seminar in Solid State Physics (III)', 'This course introduces students to the practical and theoretical aspects of seminar in solid state physics (iii).', '2025-03-21', '2026-09-11', 32, 124),
(212, 'Theory of Optics', 'A hands-on course with projects and labs focused on theory of optics.', '2024-11-17', '2026-04-14', 35, 79),
(213, 'Introduction to Cybersecurity Fundamentals', 'An in-depth exploration of topics and case studies in introduction to cybersecurity fundamentals.', '2024-11-28', '2025-11-28', 88, 171),
(214, 'Introduction to Epidemiology', 'A comprehensive course covering key concepts in introduction to epidemiology.', '2024-12-18', '2026-08-23', 1, 314),
(215, 'Workshop: Finnish Intermediate - Part 215', 'An in-depth exploration of topics and case studies in workshop: finnish intermediate - part 215.', '2025-08-09', '2026-09-24', 3, 313),
(216, 'Fundamentals of Finnish Intermediate', 'An in-depth exploration of topics and case studies in fundamentals of finnish intermediate.', '2025-01-04', '2026-04-26', 45, 68),
(217, 'Laboratory: Business Ethics', 'A comprehensive course covering key concepts in laboratory: business ethics.', '2025-05-15', '2025-11-25', 49, 249),
(218, 'Laboratory: Cooking Basics', 'A comprehensive course covering key concepts in laboratory: cooking basics.', '2025-01-11', '2026-11-04', 4, 381),
(219, 'Applied Marketing Principles', 'An in-depth exploration of topics and case studies in applied marketing principles.', '2024-11-23', '2026-06-01', 42, 103),
(220, 'Project in Typography', 'This course introduces students to the practical and theoretical aspects of project in typography.', '2025-01-22', '2026-06-20', 26, 91),
(221, 'Practical Photography Fundamentals', 'An in-depth exploration of topics and case studies in practical photography fundamentals.', '2025-04-27', '2026-02-08', 66, 161),
(222, 'Workshop: Operating Systems', 'An in-depth exploration of topics and case studies in workshop: operating systems.', '2024-12-10', '2026-01-30', 93, 400),
(223, 'Introduction to Robotics Basics', 'This course introduces students to the practical and theoretical aspects of introduction to robotics basics.', '2025-01-27', '2026-03-23', 64, 199),
(224, 'Project in Tour Guide Training (Project)', 'A hands-on course with projects and labs focused on project in tour guide training (project).', '2025-10-14', '2026-01-05', 82, 296),
(225, 'Fundamentals of World Heritage Sites (Project)', 'This course introduces students to the practical and theoretical aspects of fundamentals of world heritage sites (project).', '2025-03-22', '2026-05-06', 23, 111),
(226, 'Introduction to Public Speaking (Project)', 'Students will learn foundational skills and applications related to introduction to public speaking (project).', '2025-06-20', '2026-10-29', 25, 125),
(227, 'Seminar in Mathematical Modelling', 'An in-depth exploration of topics and case studies in seminar in mathematical modelling.', '2025-01-08', '2026-03-31', 64, 352),
(228, 'Workshop: Solid State Physics', 'A comprehensive course covering key concepts in workshop: solid state physics.', '2025-04-17', '2026-04-21', 19, 271),
(229, 'Fundamentals of Art History', 'A comprehensive course covering key concepts in fundamentals of art history.', '2025-10-06', '2026-05-05', 59, 315),
(230, 'Practical Managerial Accounting', 'A comprehensive course covering key concepts in practical managerial accounting.', '2025-09-22', '2026-07-10', 89, 86),
(231, 'Fundamentals of Graphic Novel Creation', 'This course introduces students to the practical and theoretical aspects of fundamentals of graphic novel creation.', '2025-01-16', '2026-10-05', 88, 391),
(232, 'Laboratory: Algorithms', 'This course introduces students to the practical and theoretical aspects of laboratory: algorithms.', '2025-06-23', '2026-09-06', 22, 206),
(233, 'Advanced Art History', 'This course introduces students to the practical and theoretical aspects of advanced art history.', '2025-05-09', '2026-07-25', 50, 314),
(234, 'Applied Public Speaking', 'This course introduces students to the practical and theoretical aspects of applied public speaking.', '2025-08-05', '2026-08-29', 29, 16),
(235, 'Laboratory: Hospitality Management', 'A comprehensive course covering key concepts in laboratory: hospitality management.', '2025-03-23', '2026-08-16', 33, 154),
(236, 'Introduction to Gardening and Horticulture', 'A comprehensive course covering key concepts in introduction to gardening and horticulture.', '2025-07-03', '2026-03-30', 24, 197),
(237, 'Fundamentals of Cultural Tourism in Finland', 'A hands-on course with projects and labs focused on fundamentals of cultural tourism in finland.', '2025-05-09', '2026-10-25', 46, 124),
(238, 'Workshop: Physiotherapy Basics', 'This course introduces students to the practical and theoretical aspects of workshop: physiotherapy basics.', '2025-04-16', '2026-09-26', 63, 309),
(239, 'Laboratory: Computer Networks', 'This course introduces students to the practical and theoretical aspects of laboratory: computer networks.', '2025-09-21', '2026-03-15', 62, 291),
(240, 'Applied Natural Language Processing', 'A hands-on course with projects and labs focused on applied natural language processing.', '2024-11-12', '2026-06-16', 87, 374),
(241, 'Laboratory: Human-Computer Interaction', 'Students will learn foundational skills and applications related to laboratory: human-computer interaction.', '2025-05-05', '2026-01-11', 7, 124),
(242, 'Workshop: Typography', 'A comprehensive course covering key concepts in workshop: typography.', '2024-12-17', '2026-09-15', 35, 348),
(243, 'Theory of Music Theory (Project)', 'An in-depth exploration of topics and case studies in theory of music theory (project).', '2025-10-11', '2025-11-28', 83, 220),
(244, 'Workshop: Natural Language Processing', 'An in-depth exploration of topics and case studies in workshop: natural language processing.', '2025-07-18', '2025-12-19', 80, 151),
(245, 'Introduction to Environmental Science', 'A hands-on course with projects and labs focused on introduction to environmental science.', '2025-09-17', '2026-06-05', 49, 295),
(246, 'Applied Nutrition and Health', 'A hands-on course with projects and labs focused on applied nutrition and health.', '2024-12-02', '2026-06-17', 39, 128),
(247, 'Seminar in Gardening and Horticulture', 'A hands-on course with projects and labs focused on seminar in gardening and horticulture.', '2025-06-24', '2025-11-25', 100, 80),
(248, 'Theory of Optics - Part 248', 'A comprehensive course covering key concepts in theory of optics - part 248.', '2025-04-09', '2026-05-30', 18, 373),
(249, 'Seminar in Solid State Physics', 'An in-depth exploration of topics and case studies in seminar in solid state physics.', '2025-07-27', '2026-10-03', 32, 350),
(250, 'Laboratory: World Heritage Sites', 'Students will learn foundational skills and applications related to laboratory: world heritage sites.', '2025-02-03', '2026-10-12', 18, 311),
(251, 'Seminar in Operating Systems', 'This course introduces students to the practical and theoretical aspects of seminar in operating systems.', '2024-11-04', '2026-06-28', 92, 102),
(252, 'Practical Photography Fundamentals - Part 252', 'Students will learn foundational skills and applications related to practical photography fundamentals - part 252.', '2025-03-20', '2026-08-14', 23, 17),
(253, 'Applied Financial Accounting', 'Students will learn foundational skills and applications related to applied financial accounting.', '2025-02-27', '2026-04-12', 42, 233),
(254, 'Fundamentals of Travel Planning and Management', 'This course introduces students to the practical and theoretical aspects of fundamentals of travel planning and management.', '2025-07-31', '2026-05-02', 13, 74),
(255, 'Practical Cybersecurity Fundamentals', 'An in-depth exploration of topics and case studies in practical cybersecurity fundamentals.', '2025-09-25', '2026-05-28', 35, 271),
(256, 'Practical Travel Planning and Management', 'An in-depth exploration of topics and case studies in practical travel planning and management.', '2024-12-29', '2026-02-08', 23, 20),
(257, 'Fundamentals of Creative Writing (II)', 'An in-depth exploration of topics and case studies in fundamentals of creative writing (ii).', '2025-05-12', '2026-10-14', 88, 146),
(258, 'Practical Epidemiology', 'A hands-on course with projects and labs focused on practical epidemiology.', '2025-07-30', '2026-05-17', 19, 262),
(259, 'Seminar in Entrepreneurship', 'Students will learn foundational skills and applications related to seminar in entrepreneurship.', '2025-08-07', '2026-09-30', 24, 52),
(260, 'Project in Spanish Basics', 'An in-depth exploration of topics and case studies in project in spanish basics.', '2025-02-18', '2026-02-20', 92, 303),
(261, 'Applied Optics', 'A comprehensive course covering key concepts in applied optics.', '2025-07-19', '2026-01-01', 57, 96),
(262, 'Practical Robotics Basics', 'A hands-on course with projects and labs focused on practical robotics basics.', '2025-04-21', '2026-10-18', 10, 64),
(263, 'Introduction to Cooking Basics', 'An in-depth exploration of topics and case studies in introduction to cooking basics.', '2025-09-20', '2026-08-17', 77, 366),
(264, 'Laboratory: Solid State Physics', 'A hands-on course with projects and labs focused on laboratory: solid state physics.', '2025-05-15', '2026-04-05', 75, 343),
(265, 'Applied Tourist Attractions: Asia', 'This course introduces students to the practical and theoretical aspects of applied tourist attractions: asia.', '2025-07-12', '2026-04-19', 87, 1),
(266, 'Practical Nuclear Physics', 'Students will learn foundational skills and applications related to practical nuclear physics.', '2025-09-18', '2026-05-21', 62, 345),
(267, 'Project in Data Structures (Intro)', 'A comprehensive course covering key concepts in project in data structures (intro).', '2025-09-27', '2026-10-08', 66, 292),
(268, 'Introduction to Tourism - Part 268', 'This course introduces students to the practical and theoretical aspects of introduction to tourism - part 268.', '2025-03-11', '2026-06-04', 51, 18),
(269, 'Seminar in Human Anatomy (Intro)', 'A hands-on course with projects and labs focused on seminar in human anatomy (intro).', '2025-03-29', '2026-05-22', 33, 170),
(270, 'Seminar in Astrophysics', 'Students will learn foundational skills and applications related to seminar in astrophysics.', '2025-03-05', '2026-10-09', 47, 90),
(271, 'Fundamentals of Discrete Mathematics', 'An in-depth exploration of topics and case studies in fundamentals of discrete mathematics.', '2025-02-17', '2026-05-01', 41, 354),
(272, 'Advanced Computer Graphics', 'A comprehensive course covering key concepts in advanced computer graphics.', '2024-12-26', '2026-07-18', 37, 364),
(273, 'Fundamentals of Sustainable Tourism', 'A hands-on course with projects and labs focused on fundamentals of sustainable tourism.', '2024-12-05', '2026-10-15', 99, 273),
(274, 'Advanced Experimental Physics', 'A comprehensive course covering key concepts in advanced experimental physics.', '2025-05-18', '2026-06-01', 56, 329),
(275, 'Workshop: Travel Planning and Management', 'A hands-on course with projects and labs focused on workshop: travel planning and management.', '2025-01-17', '2026-01-09', 51, 112),
(276, 'Project in Optimization Theory', 'An in-depth exploration of topics and case studies in project in optimization theory.', '2024-12-13', '2026-05-08', 32, 81),
(277, 'Laboratory: Experimental Physics', 'Students will learn foundational skills and applications related to laboratory: experimental physics.', '2025-03-10', '2026-09-02', 71, 62),
(278, 'Laboratory: World Heritage Sites (Intro)', 'This course introduces students to the practical and theoretical aspects of laboratory: world heritage sites (intro).', '2025-06-05', '2026-09-28', 64, 34),
(279, 'Introduction to Psychology - Part 279', 'A comprehensive course covering key concepts in introduction to psychology - part 279.', '2025-03-17', '2026-09-12', 66, 389),
(280, 'Practical Calculus I', 'A comprehensive course covering key concepts in practical calculus i.', '2024-12-08', '2026-02-10', 32, 85),
(281, 'Fundamentals of Calculus I', 'A hands-on course with projects and labs focused on fundamentals of calculus i.', '2025-06-09', '2026-04-13', 100, 399),
(282, 'Applied Art History (III)', 'Students will learn foundational skills and applications related to applied art history (iii).', '2025-03-05', '2026-11-07', 24, 382),
(283, 'Seminar in Healthcare Management (II)', 'Students will learn foundational skills and applications related to seminar in healthcare management (ii).', '2025-06-09', '2026-01-20', 8, 323),
(284, 'Introduction to Psychology - Part 284', 'This course introduces students to the practical and theoretical aspects of introduction to psychology - part 284.', '2025-05-26', '2026-10-03', 2, 307),
(285, 'Advanced Spanish Basics', 'This course introduces students to the practical and theoretical aspects of advanced spanish basics.', '2025-05-12', '2025-12-17', 74, 24),
(286, 'Introduction to Optics (II)', 'Students will learn foundational skills and applications related to introduction to optics (ii).', '2024-12-01', '2026-09-27', 41, 126),
(287, 'Laboratory: Tourist Attractions: Asia', 'An in-depth exploration of topics and case studies in laboratory: tourist attractions: asia.', '2025-09-22', '2026-06-12', 73, 307),
(288, 'Seminar in Human-Computer Interaction', 'An in-depth exploration of topics and case studies in seminar in human-computer interaction.', '2025-04-17', '2026-11-05', 45, 72),
(289, 'Project in Optics', 'An in-depth exploration of topics and case studies in project in optics.', '2025-03-20', '2026-11-08', 39, 65),
(290, 'Laboratory: Cybersecurity Fundamentals (Project)', 'Students will learn foundational skills and applications related to laboratory: cybersecurity fundamentals (project).', '2025-09-19', '2026-06-28', 62, 204),
(291, 'Applied Hospitality Management (II)', 'A hands-on course with projects and labs focused on applied hospitality management (ii).', '2025-04-24', '2025-12-18', 26, 327),
(292, 'Fundamentals of Tourist Attractions: Europe', 'Students will learn foundational skills and applications related to fundamentals of tourist attractions: europe.', '2025-02-26', '2026-06-23', 67, 238),
(293, 'Fundamentals of Sustainable Tourism - Part 293', 'This course introduces students to the practical and theoretical aspects of fundamentals of sustainable tourism - part 293.', '2025-08-01', '2026-05-18', 61, 192),
(294, 'Project in Art History', 'Students will learn foundational skills and applications related to project in art history.', '2025-03-05', '2026-06-07', 96, 261),
(295, 'Laboratory: Discrete Mathematics', 'An in-depth exploration of topics and case studies in laboratory: discrete mathematics.', '2025-01-25', '2026-10-19', 73, 51),
(296, 'Seminar in Machine Learning', 'Students will learn foundational skills and applications related to seminar in machine learning.', '2024-11-27', '2026-10-08', 25, 9),
(297, 'Advanced Microeconomics', 'Students will learn foundational skills and applications related to advanced microeconomics.', '2025-05-30', '2026-11-05', 43, 122),
(298, 'Seminar in Finnish for Beginners', 'An in-depth exploration of topics and case studies in seminar in finnish for beginners.', '2025-05-19', '2026-04-23', 60, 102),
(299, 'Project in Cooking Basics (Intro)', 'Students will learn foundational skills and applications related to project in cooking basics (intro).', '2025-03-14', '2026-05-08', 34, 364),
(300, 'Theory of Thermodynamics (Project)', 'A hands-on course with projects and labs focused on theory of thermodynamics (project).', '2025-07-10', '2026-07-07', 27, 332),
(301, 'Introduction to Programming - Part 301', 'A comprehensive course covering key concepts in introduction to programming - part 301.', '2024-12-21', '2026-08-14', 82, 110),
(302, 'Project in Probability and Statistics', 'An in-depth exploration of topics and case studies in project in probability and statistics.', '2025-01-13', '2026-05-07', 64, 379),
(303, 'Introduction to Psychology - Part 303', 'This course introduces students to the practical and theoretical aspects of introduction to psychology - part 303.', '2025-05-31', '2026-09-09', 64, 332),
(304, 'Project in Optics (III)', 'An in-depth exploration of topics and case studies in project in optics (iii).', '2025-06-05', '2026-04-29', 75, 358);
INSERT INTO `kurssit` (`tunnus`, `nimi`, `kuvaus`, `alkupaiva`, `loppupaiva`, `opettaja`, `tila`) VALUES
(305, 'Seminar in Healthcare Management (Lab)', 'This course introduces students to the practical and theoretical aspects of seminar in healthcare management (lab).', '2024-12-26', '2026-05-15', 52, 54),
(306, 'Introduction to Environmental Science - Part 306', 'A comprehensive course covering key concepts in introduction to environmental science - part 306.', '2025-10-06', '2026-10-09', 64, 155),
(307, 'Introduction to Tourism (Intro)', 'An in-depth exploration of topics and case studies in introduction to tourism (intro).', '2025-07-08', '2026-08-08', 22, 314),
(308, 'Introduction to Human-Computer Interaction', 'Students will learn foundational skills and applications related to introduction to human-computer interaction.', '2024-12-07', '2026-02-21', 74, 6),
(309, 'Applied Modern Dance', 'An in-depth exploration of topics and case studies in applied modern dance.', '2025-04-14', '2026-02-08', 51, 141),
(310, 'Practical Art History', 'This course introduces students to the practical and theoretical aspects of practical art history.', '2025-05-18', '2025-11-29', 99, 117),
(311, 'Practical Business Ethics', 'A hands-on course with projects and labs focused on practical business ethics.', '2025-02-27', '2026-01-18', 92, 313),
(312, 'Introduction to Urban Planning', 'Students will learn foundational skills and applications related to introduction to urban planning.', '2025-01-04', '2026-08-01', 19, 363),
(313, 'Workshop: Wine Tasting for Beginners', 'A hands-on course with projects and labs focused on workshop: wine tasting for beginners.', '2025-04-26', '2026-09-22', 74, 232),
(314, 'Fundamentals of Optics', 'Students will learn foundational skills and applications related to fundamentals of optics.', '2024-11-19', '2026-11-10', 85, 346),
(315, 'Laboratory: Tourist Attractions: Europe', 'An in-depth exploration of topics and case studies in laboratory: tourist attractions: europe.', '2025-08-31', '2026-01-30', 20, 125),
(316, 'Seminar in Parallel Computing', 'Students will learn foundational skills and applications related to seminar in parallel computing.', '2025-09-17', '2026-08-02', 65, 111),
(317, 'Project in Macroeconomics', 'An in-depth exploration of topics and case studies in project in macroeconomics.', '2025-03-08', '2026-10-20', 23, 208),
(318, 'Theory of Technical Writing', 'This course introduces students to the practical and theoretical aspects of theory of technical writing.', '2025-05-28', '2026-02-21', 29, 337),
(319, 'Workshop: Sustainable Tourism', 'An in-depth exploration of topics and case studies in workshop: sustainable tourism.', '2025-06-17', '2026-10-20', 57, 227),
(320, 'Theory of Web Development Basics', 'An in-depth exploration of topics and case studies in theory of web development basics.', '2024-10-30', '2026-04-17', 86, 27),
(321, 'Introduction to Business Ethics', 'A comprehensive course covering key concepts in introduction to business ethics.', '2025-03-20', '2026-01-26', 97, 24),
(322, 'Project in Cloud Computing', 'Students will learn foundational skills and applications related to project in cloud computing.', '2024-11-20', '2026-06-22', 28, 268),
(323, 'Seminar in Artificial Intelligence (Project)', 'A comprehensive course covering key concepts in seminar in artificial intelligence (project).', '2025-08-24', '2026-09-06', 86, 145),
(324, 'Introduction to Robotics Basics - Part 324', 'This course introduces students to the practical and theoretical aspects of introduction to robotics basics - part 324.', '2025-02-05', '2026-02-09', 22, 391),
(325, 'Seminar in Computer Networks', 'Students will learn foundational skills and applications related to seminar in computer networks.', '2024-12-23', '2026-05-11', 30, 254),
(326, 'Laboratory: Financial Accounting', 'A comprehensive course covering key concepts in laboratory: financial accounting.', '2025-05-09', '2026-06-13', 84, 129),
(327, 'Project in Macroeconomics - Part 327', 'Students will learn foundational skills and applications related to project in macroeconomics - part 327.', '2025-01-02', '2026-10-20', 6, 279),
(328, 'Introduction to Psychology - Part 328', 'A comprehensive course covering key concepts in introduction to psychology - part 328.', '2025-08-26', '2026-09-27', 22, 239),
(329, 'Advanced Tour Guide Training', 'Students will learn foundational skills and applications related to advanced tour guide training.', '2025-07-02', '2026-04-23', 44, 106),
(330, 'Advanced Graph Theory', 'A comprehensive course covering key concepts in advanced graph theory.', '2025-05-02', '2026-07-13', 24, 380),
(331, 'Advanced Cooking Basics', 'Students will learn foundational skills and applications related to advanced cooking basics.', '2025-08-01', '2026-01-09', 28, 392),
(332, 'Fundamentals of Operating Systems', 'A comprehensive course covering key concepts in fundamentals of operating systems.', '2025-06-20', '2025-11-24', 53, 275),
(333, 'Theory of Nuclear Physics', 'This course introduces students to the practical and theoretical aspects of theory of nuclear physics.', '2025-10-06', '2026-03-20', 12, 277),
(334, 'Project in Electromagnetism - Part 334', 'This course introduces students to the practical and theoretical aspects of project in electromagnetism - part 334.', '2025-07-20', '2026-05-08', 37, 89),
(335, 'Introduction to Calculus II (Project)', 'A hands-on course with projects and labs focused on introduction to calculus ii (project).', '2025-05-01', '2026-09-09', 70, 251),
(336, 'Practical Healthcare Ethics', 'A hands-on course with projects and labs focused on practical healthcare ethics.', '2025-01-06', '2026-08-27', 52, 138),
(337, 'Practical Embedded Systems', 'Students will learn foundational skills and applications related to practical embedded systems.', '2025-07-17', '2026-04-03', 20, 131),
(338, 'Applied Technical Writing', 'An in-depth exploration of topics and case studies in applied technical writing.', '2025-04-16', '2026-10-12', 79, 331),
(339, 'Project in Astrophysics', 'An in-depth exploration of topics and case studies in project in astrophysics.', '2025-10-18', '2026-04-17', 37, 47),
(340, 'Laboratory: Managerial Accounting', 'An in-depth exploration of topics and case studies in laboratory: managerial accounting.', '2024-11-24', '2026-04-27', 20, 389),
(341, 'Applied Epidemiology', 'Students will learn foundational skills and applications related to applied epidemiology.', '2025-08-08', '2026-03-20', 67, 233),
(342, 'Workshop: Numerical Methods', 'A comprehensive course covering key concepts in workshop: numerical methods.', '2025-02-28', '2026-08-21', 4, 240),
(343, 'Workshop: Classical Mechanics', 'A hands-on course with projects and labs focused on workshop: classical mechanics.', '2025-07-09', '2026-03-18', 28, 221),
(344, 'Applied Nuclear Physics (Project)', 'Students will learn foundational skills and applications related to applied nuclear physics (project).', '2025-04-28', '2026-06-05', 21, 197),
(345, 'Laboratory: Data Structures', 'A comprehensive course covering key concepts in laboratory: data structures.', '2025-04-28', '2026-10-21', 40, 344),
(346, 'Seminar in Hospitality Management', 'Students will learn foundational skills and applications related to seminar in hospitality management.', '2025-06-14', '2026-08-22', 93, 240),
(347, 'Practical Gardening and Horticulture', 'Students will learn foundational skills and applications related to practical gardening and horticulture.', '2025-04-14', '2026-11-03', 65, 267),
(348, 'Practical Optimization Theory', 'This course introduces students to the practical and theoretical aspects of practical optimization theory.', '2024-12-03', '2026-07-08', 20, 338),
(349, 'Introduction to Psychology - Part 349', 'A comprehensive course covering key concepts in introduction to psychology - part 349.', '2025-08-04', '2026-06-26', 75, 176),
(350, 'Seminar in Particle Physics (III)', 'This course introduces students to the practical and theoretical aspects of seminar in particle physics (iii).', '2025-04-26', '2026-06-07', 64, 384),
(351, 'Applied Machine Learning', 'An in-depth exploration of topics and case studies in applied machine learning.', '2025-08-27', '2026-06-10', 61, 256),
(352, 'Practical Linear Algebra (Lab)', 'Students will learn foundational skills and applications related to practical linear algebra (lab).', '2025-02-19', '2026-04-04', 11, 319),
(353, 'Project in Film Studies', 'This course introduces students to the practical and theoretical aspects of project in film studies.', '2024-12-21', '2026-04-28', 33, 119),
(354, 'Seminar in Thermodynamics', 'Students will learn foundational skills and applications related to seminar in thermodynamics.', '2025-01-22', '2026-07-03', 34, 63),
(355, 'Theory of Urban Planning', 'An in-depth exploration of topics and case studies in theory of urban planning.', '2025-05-16', '2026-01-10', 39, 126),
(356, 'Introduction to Computer Networks', 'This course introduces students to the practical and theoretical aspects of introduction to computer networks.', '2025-06-07', '2025-11-25', 15, 129),
(357, 'Workshop: Physiotherapy Basics - Part 357', 'A hands-on course with projects and labs focused on workshop: physiotherapy basics - part 357.', '2025-05-29', '2026-01-08', 54, 370),
(358, 'Advanced Digital Marketing', 'A comprehensive course covering key concepts in advanced digital marketing.', '2025-09-13', '2026-01-30', 22, 6),
(359, 'Project in Quantum Physics (III)', 'Students will learn foundational skills and applications related to project in quantum physics (iii).', '2025-07-06', '2026-10-04', 51, 187),
(360, 'Workshop: Cultural Tourism in Finland', 'Students will learn foundational skills and applications related to workshop: cultural tourism in finland.', '2025-03-19', '2026-04-21', 32, 152),
(361, 'Practical Natural Language Processing', 'A hands-on course with projects and labs focused on practical natural language processing.', '2025-07-03', '2025-12-10', 21, 46),
(362, 'Theory of Travel Planning and Management', 'This course introduces students to the practical and theoretical aspects of theory of travel planning and management.', '2024-12-26', '2026-05-18', 40, 117),
(363, 'Advanced First Aid and CPR', 'An in-depth exploration of topics and case studies in advanced first aid and cpr.', '2025-04-01', '2026-04-08', 88, 119),
(364, 'Applied Healthcare Management', 'A comprehensive course covering key concepts in applied healthcare management.', '2025-09-05', '2026-05-05', 19, 324),
(365, 'Fundamentals of DevOps Practices', 'Students will learn foundational skills and applications related to fundamentals of devops practices.', '2024-10-21', '2026-03-01', 38, 135),
(366, 'Advanced Digital Illustration (Lab)', 'This course introduces students to the practical and theoretical aspects of advanced digital illustration (lab).', '2025-07-10', '2026-02-05', 4, 172),
(367, 'Seminar in Business Ethics', 'A hands-on course with projects and labs focused on seminar in business ethics.', '2025-07-23', '2026-01-02', 27, 293),
(368, 'Laboratory: Finnish Intermediate', 'This course introduces students to the practical and theoretical aspects of laboratory: finnish intermediate.', '2024-12-30', '2026-03-13', 60, 143),
(369, 'Advanced Finnish Intermediate', 'A hands-on course with projects and labs focused on advanced finnish intermediate.', '2025-10-16', '2026-09-13', 48, 103),
(370, 'Applied Finnish for Beginners (III)', 'This course introduces students to the practical and theoretical aspects of applied finnish for beginners (iii).', '2025-05-28', '2026-03-24', 29, 177),
(371, 'Seminar in Translation Studies - Part 371', 'Students will learn foundational skills and applications related to seminar in translation studies - part 371.', '2025-04-19', '2026-05-03', 32, 136),
(372, 'Theory of Artificial Intelligence', 'Students will learn foundational skills and applications related to theory of artificial intelligence.', '2025-08-31', '2026-02-18', 100, 58),
(373, 'Workshop: Mobile App Development - Part 373', 'A comprehensive course covering key concepts in workshop: mobile app development - part 373.', '2025-10-03', '2026-10-26', 41, 306),
(374, 'Advanced Technical Writing', 'A hands-on course with projects and labs focused on advanced technical writing.', '2025-01-18', '2026-05-31', 63, 277),
(375, 'Fundamentals of Algorithms', 'This course introduces students to the practical and theoretical aspects of fundamentals of algorithms.', '2025-06-09', '2026-10-12', 70, 30),
(376, 'Laboratory: Cloud Computing', 'A hands-on course with projects and labs focused on laboratory: cloud computing.', '2025-10-16', '2025-12-01', 34, 75),
(377, 'Laboratory: Differential Equations', 'This course introduces students to the practical and theoretical aspects of laboratory: differential equations.', '2025-06-20', '2026-06-02', 10, 26),
(378, 'Introduction to Macroeconomics', 'A hands-on course with projects and labs focused on introduction to macroeconomics.', '2025-08-30', '2025-12-23', 38, 284),
(379, 'Introduction to Programming - Part 379', 'This course introduces students to the practical and theoretical aspects of introduction to programming - part 379.', '2025-06-22', '2026-11-17', 13, 179),
(380, 'Project in Cloud Computing - Part 380', 'This course introduces students to the practical and theoretical aspects of project in cloud computing - part 380.', '2025-04-07', '2025-11-25', 99, 169),
(381, 'Fundamentals of Computer Graphics (III)', 'This course introduces students to the practical and theoretical aspects of fundamentals of computer graphics (iii).', '2025-07-10', '2025-12-21', 54, 201),
(382, 'Theory of Tourist Attractions: Europe (III)', 'A comprehensive course covering key concepts in theory of tourist attractions: europe (iii).', '2025-10-16', '2026-03-07', 3, 137),
(383, 'Workshop: Cloud Computing', 'A comprehensive course covering key concepts in workshop: cloud computing.', '2025-02-13', '2026-02-11', 7, 245),
(384, 'Seminar in Art History', 'A hands-on course with projects and labs focused on seminar in art history.', '2025-08-06', '2026-01-20', 5, 161),
(385, 'Advanced Tourist Attractions: Europe', 'This course introduces students to the practical and theoretical aspects of advanced tourist attractions: europe.', '2025-09-14', '2026-06-02', 44, 284),
(386, 'Fundamentals of Event Management', 'A hands-on course with projects and labs focused on fundamentals of event management.', '2025-02-17', '2026-03-15', 90, 266),
(387, 'Seminar in Experimental Physics', 'A comprehensive course covering key concepts in seminar in experimental physics.', '2025-06-30', '2026-07-08', 71, 65),
(388, 'Seminar in Mobile App Development', 'An in-depth exploration of topics and case studies in seminar in mobile app development.', '2025-08-05', '2026-01-12', 2, 275),
(389, 'Advanced Healthcare Ethics', 'An in-depth exploration of topics and case studies in advanced healthcare ethics.', '2025-06-15', '2026-02-09', 70, 1),
(390, 'Advanced Computer Networks', 'This course introduces students to the practical and theoretical aspects of advanced computer networks.', '2025-04-09', '2026-01-07', 19, 94),
(391, 'Introduction to Software Engineering', 'A hands-on course with projects and labs focused on introduction to software engineering.', '2025-05-17', '2026-02-20', 33, 18),
(392, 'Introduction to Tourism - Part 392', 'A hands-on course with projects and labs focused on introduction to tourism - part 392.', '2025-09-01', '2025-11-24', 95, 46),
(393, 'Applied Film Studies', 'A hands-on course with projects and labs focused on applied film studies.', '2025-02-15', '2026-01-03', 63, 199),
(394, 'Advanced French for Travelers', 'A comprehensive course covering key concepts in advanced french for travelers.', '2024-12-23', '2026-09-26', 59, 185),
(395, 'Project in Nutrition and Health', 'This course introduces students to the practical and theoretical aspects of project in nutrition and health.', '2024-12-01', '2026-05-25', 24, 86),
(396, 'Seminar in French for Travelers', 'An in-depth exploration of topics and case studies in seminar in french for travelers.', '2025-05-15', '2026-11-13', 45, 400),
(397, 'Seminar in Financial Accounting', 'A comprehensive course covering key concepts in seminar in financial accounting.', '2025-06-16', '2025-12-17', 65, 65),
(398, 'Introduction to Economics - Part 398', 'Students will learn foundational skills and applications related to introduction to economics - part 398.', '2025-06-19', '2025-12-05', 60, 23),
(399, 'Introduction to Entrepreneurship - Part 399', 'An in-depth exploration of topics and case studies in introduction to entrepreneurship - part 399.', '2025-01-30', '2026-10-20', 75, 358),
(400, 'Advanced Software Engineering', 'A comprehensive course covering key concepts in advanced software engineering.', '2025-02-04', '2026-10-24', 48, 192);

-- --------------------------------------------------------

--
-- Table structure for table `opettajat`
--

CREATE TABLE `opettajat` (
  `tunnusnumero` int(11) NOT NULL,
  `etunimi` varchar(100) DEFAULT NULL,
  `sukunimi` varchar(100) DEFAULT NULL,
  `aine` varchar(70) DEFAULT NULL
) ENGINE=InnoDB DEFAULT CHARSET=utf8mb4 COLLATE=utf8mb4_general_ci;

--
-- Dumping data for table `opettajat`
--

INSERT INTO `opettajat` (`tunnusnumero`, `etunimi`, `sukunimi`, `aine`) VALUES
(1, 'Nowell', 'Cable', 'Registered Nurse'),
(2, 'Odette', 'Capron', 'Nuclear Power Engineer'),
(3, 'Wanids', 'Herrieven', 'Nurse Practicioner'),
(4, 'Meta', 'Jepson', 'Programmer Analyst I'),
(5, 'Amalia', 'Bockh', 'General Manager'),
(6, 'Roxy', 'Ruscoe', 'Associate Professor'),
(7, 'Packston', 'Tumelty', 'Administrative Assistant II'),
(8, 'Berry', 'Earengey', 'Technical Writer'),
(9, 'Laurel', 'Merrell', 'Product Engineer'),
(10, 'Tamarah', 'FitzGilbert', 'Occupational Therapist'),
(11, 'Osbourn', 'Murdie', 'Biostatistician III'),
(12, 'Reggy', 'Higgoe', 'Senior Sales Associate'),
(13, 'Davida', 'Sharphouse', 'Biostatistician III'),
(14, 'Briano', 'Demangeot', 'Media Manager II'),
(15, 'Agna', 'Sexti', 'Structural Analysis Engineer'),
(16, 'Hope', 'Shirtcliffe', 'Senior Cost Accountant'),
(17, 'Jacqui', 'Eberle', 'Assistant Media Planner'),
(18, 'Jedediah', 'Comsty', 'Dental Hygienist'),
(19, 'Babs', 'Angeli', 'Actuary'),
(20, 'Kenna', 'Seden', 'Human Resources Manager'),
(21, 'Benoite', 'Belchem', 'Sales Representative'),
(22, 'Clevey', 'Lambirth', 'Administrative Officer'),
(23, 'Elia', 'Beatens', 'Information Systems Manager'),
(24, 'Tony', 'Bushe', 'VP Product Management'),
(25, 'Nari', 'Swinburn', 'Product Engineer'),
(26, 'Bunnie', 'Petroulis', 'Developer I'),
(27, 'Rachael', 'Langford', 'Software Consultant'),
(28, 'Gelya', 'Skull', 'Desktop Support Technician'),
(29, 'Bobbie', 'Doughill', 'Occupational Therapist'),
(30, 'Gene', 'Kliemke', 'Data Coordinator'),
(31, 'Dionysus', 'Seedull', 'Recruiter'),
(32, 'Eduino', 'Edelston', 'Teacher'),
(33, 'Gav', 'Rimer', 'Recruiter'),
(34, 'Jasmine', 'Wetherald', 'Structural Analysis Engineer'),
(35, 'Malissia', 'Poppy', 'Media Manager I'),
(36, 'Adelbert', 'Bagshaw', 'Community Outreach Specialist'),
(37, 'Rennie', 'Lindborg', 'Software Consultant'),
(38, 'Jorry', 'MacIlory', 'General Manager'),
(39, 'Inglis', 'Guilloton', 'Junior Executive'),
(40, 'Ciro', 'Fellgett', 'Associate Professor'),
(41, 'Anatole', 'Hazle', 'Senior Sales Associate'),
(42, 'Gerardo', 'Southward', 'Assistant Media Planner'),
(43, 'Brent', 'Gutch', 'Sales Associate'),
(44, 'Tades', 'Balser', 'Web Designer II'),
(45, 'Albrecht', 'Ziebart', 'Automation Specialist IV'),
(46, 'Milly', 'Verbrugghen', 'Account Executive'),
(47, 'Gerhardine', 'Capewell', 'Staff Accountant II'),
(48, 'Aile', 'Blanchette', 'Engineer IV'),
(49, 'Ruthanne', 'Rontsch', 'Account Coordinator'),
(50, 'Garth', 'Crighton', 'Occupational Therapist'),
(51, 'Vivien', 'Sciusscietto', 'Senior Editor'),
(52, 'Amelina', 'Hempshall', 'Environmental Tech'),
(53, 'Maryjo', 'Balch', 'Developer II'),
(54, 'Kit', 'Kleeborn', 'Executive Secretary'),
(55, 'Christophorus', 'Rodenhurst', 'Computer Systems Analyst I'),
(56, 'Saloma', 'Deal', 'Administrative Officer'),
(57, 'Ben', 'Moorfield', 'Geological Engineer'),
(58, 'Berke', 'Nurcombe', 'Automation Specialist I'),
(59, 'Wendie', 'Goadbie', 'Financial Analyst'),
(60, 'Barbabas', 'Jakovijevic', 'Environmental Specialist'),
(61, 'Fawnia', 'Loveredge', 'Office Assistant IV'),
(62, 'Ruthanne', 'Worling', 'Mechanical Systems Engineer'),
(63, 'Carole', 'Visick', 'Geologist II'),
(64, 'Werner', 'Fiddiman', 'Tax Accountant'),
(65, 'Moise', 'Saines', 'Geologist II'),
(66, 'Buffy', 'Eddisford', 'GIS Technical Architect'),
(67, 'Ritchie', 'Hadgkiss', 'Help Desk Operator'),
(68, 'Yancy', 'Bennallck', 'Programmer I'),
(69, 'Clareta', 'MacGuffie', 'Media Manager I'),
(70, 'Ofilia', 'Walden', 'Senior Financial Analyst'),
(71, 'Flem', 'Burris', 'Safety Technician I'),
(72, 'Donna', 'Byrkmyr', 'Chief Design Engineer'),
(73, 'Elyse', 'Carrol', 'Human Resources Assistant IV'),
(74, 'Lovell', 'Sinden', 'Office Assistant IV'),
(75, 'Wilek', 'Cawsy', 'Sales Associate'),
(76, 'Ezmeralda', 'McAllester', 'Staff Accountant II'),
(77, 'Jacquenette', 'Paulazzi', 'Financial Advisor'),
(78, 'Ernst', 'Haydock', 'Editor'),
(79, 'Madella', 'Farbrace', 'Civil Engineer'),
(80, 'Guglielma', 'Fearnley', 'Accountant I'),
(81, 'Goldie', 'Shieber', 'Administrative Officer'),
(82, 'Omero', 'Crosbie', 'Director of Sales'),
(83, 'Terri-jo', 'McLukie', 'Human Resources Assistant II'),
(84, 'Elfrieda', 'Manie', 'Budget/Accounting Analyst III'),
(85, 'Camile', 'Hardstaff', 'Senior Cost Accountant'),
(86, 'Karlie', 'Canada', 'Junior Executive'),
(87, 'Innis', 'Halworth', 'Account Coordinator'),
(88, 'Dolli', 'Rosenbush', 'Director of Sales'),
(89, 'Helge', 'Brownjohn', 'Occupational Therapist'),
(90, 'Sky', 'Minshaw', 'Administrative Assistant III'),
(91, 'Kelvin', 'Haker', 'VP Quality Control'),
(92, 'Eula', 'Yeardley', 'Executive Secretary'),
(93, 'Joella', 'Georghiou', 'VP Quality Control'),
(94, 'Beryl', 'Virr', 'Librarian'),
(95, 'Dominick', 'Sharpless', 'Professor'),
(96, 'Sabine', 'Whitaker', 'Executive Secretary'),
(97, 'Eda', 'Bowland', 'Actuary'),
(98, 'Giorgi', 'Suthworth', 'Professor'),
(99, 'Vonni', 'Bradock', 'Food Chemist'),
(100, 'Noreen', 'Emmitt', 'Librarian');

-- --------------------------------------------------------

--
-- Table structure for table `opiskelijat`
--

CREATE TABLE `opiskelijat` (
  `opiskelijanumero` int(11) NOT NULL,
  `etunimi` varchar(100) DEFAULT NULL,
  `sukunimi` varchar(100) DEFAULT NULL,
  `syntymapaiva` date DEFAULT NULL,
  `vuosikurssi` tinyint(4) DEFAULT NULL CHECK (`vuosikurssi` between 1 and 3)
) ENGINE=InnoDB DEFAULT CHARSET=utf8mb4 COLLATE=utf8mb4_general_ci;

--
-- Dumping data for table `opiskelijat`
--

INSERT INTO `opiskelijat` (`opiskelijanumero`, `etunimi`, `sukunimi`, `syntymapaiva`, `vuosikurssi`) VALUES
(1, 'Noelani', 'Jaqueme', '2024-11-26', 3),
(2, 'Humbert', 'Hedge', '2025-07-16', 3),
(3, 'Angelina', 'Willbraham', '2025-04-14', 2),
(4, 'Dacy', 'Oxenford', '2025-07-08', 1),
(5, 'Phylis', 'Gornal', '2025-06-06', 2),
(6, 'Arlene', 'MacGuigan', '2024-10-19', 3),
(7, 'Jamey', 'Morsom', '2025-09-25', 3),
(8, 'Richardo', 'Blueman', '2025-01-03', 3),
(9, 'Tynan', 'Murkitt', '2025-07-24', 2),
(10, 'Claudell', 'Mantrip', '2025-08-20', 1),
(11, 'Burr', 'Polleye', '2025-04-30', 1),
(12, 'Win', 'Coulson', '2025-09-12', 2),
(13, 'Isadore', 'Manilove', '2025-02-01', 2),
(14, 'Jonie', 'Stoite', '2024-12-01', 2),
(15, 'Peter', 'Buckie', '2025-05-24', 1),
(16, 'Wendel', 'Rippingale', '2025-03-26', 3),
(17, 'Karin', 'Lydon', '2025-08-30', 1),
(18, 'Casi', 'Abercrombie', '2025-07-16', 1),
(19, 'Fowler', 'Diggar', '2025-04-24', 2),
(20, 'Jory', 'Tate', '2025-10-11', 2),
(21, 'Nicole', 'Loy', '2024-12-18', 3),
(22, 'Guenna', 'Simister', '2025-02-12', 1),
(23, 'Kimbra', 'Leonards', '2025-01-26', 1),
(24, 'Blaire', 'Triswell', '2025-04-07', 1),
(25, 'Sylvia', 'Garrod', '2025-02-21', 3),
(26, 'Galven', 'Redemile', '2025-09-09', 3),
(27, 'Tore', 'Marran', '2025-05-28', 3),
(28, 'Kellen', 'Burnhard', '2025-08-24', 2),
(29, 'Dorise', 'Krolak', '2025-05-23', 2),
(30, 'Carey', 'Mimmack', '2025-05-06', 2),
(31, 'Pancho', 'Gellately', '2024-12-25', 2),
(32, 'Toni', 'Gwyer', '2025-07-29', 3),
(33, 'Tailor', 'Fayre', '2025-06-13', 2),
(34, 'Ollie', 'Mattusevich', '2025-07-18', 1),
(35, 'Crysta', 'Dykins', '2024-12-20', 1),
(36, 'Guinevere', 'Pietesch', '2025-05-18', 3),
(37, 'Salvador', 'Gillott', '2024-10-20', 3),
(38, 'Jeffrey', 'Blunt', '2025-03-19', 3),
(39, 'Darren', 'Baddeley', '2025-01-29', 3),
(40, 'Ange', 'Holley', '2025-02-24', 1),
(41, 'Doy', 'Gilder', '2025-04-12', 1),
(42, 'Atlanta', 'Mugg', '2025-09-04', 1),
(43, 'Fredra', 'Brockhouse', '2025-09-24', 3),
(44, 'Herschel', 'Dafforne', '2025-01-30', 2),
(45, 'Nydia', 'Shortt', '2025-05-02', 3),
(46, 'Walton', 'Delia', '2024-11-10', 3),
(47, 'Ludvig', 'Radmore', '2025-08-01', 3),
(48, 'Trish', 'Geddes', '2025-01-22', 1),
(49, 'Sheela', 'Baglow', '2025-02-21', 2),
(50, 'Marieann', 'Tunny', '2025-08-30', 2),
(51, 'Olympie', 'Carme', '2025-10-03', 1),
(52, 'Karola', 'Job', '2025-07-31', 3),
(53, 'Ronny', 'De Bruijn', '2025-03-15', 3),
(54, 'Camila', 'Paske', '2025-02-07', 3),
(55, 'Arie', 'Coleridge', '2025-04-24', 1),
(56, 'Kelci', 'Wiltsher', '2024-12-13', 3),
(57, 'Lynn', 'Grasha', '2025-03-20', 2),
(58, 'Mayne', 'Windous', '2025-03-31', 1),
(59, 'Farley', 'Tizard', '2025-03-18', 1),
(60, 'Foss', 'Skeete', '2024-10-30', 2),
(61, 'Ciro', 'Sockell', '2025-03-27', 3),
(62, 'Ralf', 'Tregale', '2025-03-01', 1),
(63, 'Jamie', 'Luttgert', '2024-12-06', 3),
(64, 'Hadrian', 'Webber', '2025-07-28', 3),
(65, 'Darelle', 'Brimelow', '2025-05-27', 1),
(66, 'Sargent', 'Goddman', '2025-05-30', 2),
(67, 'Odo', 'Ellen', '2024-12-18', 1),
(68, 'Sydelle', 'Vidineev', '2025-04-17', 1),
(69, 'Mechelle', 'Hargraves', '2025-03-10', 3),
(70, 'Flemming', 'O\'Sharry', '2024-11-30', 3),
(71, 'Pren', 'Skyrme', '2024-10-24', 3),
(72, 'Kassia', 'Naptine', '2025-08-02', 1),
(73, 'Chan', 'Dealtry', '2024-12-13', 3),
(74, 'Christal', 'Roake', '2025-03-06', 3),
(75, 'Nikki', 'Flageul', '2025-03-07', 2),
(76, 'Brandie', 'Sowman', '2025-03-22', 1),
(77, 'Stanfield', 'Minnock', '2025-04-06', 1),
(78, 'Collen', 'McClintock', '2024-12-17', 2),
(79, 'Aurilia', 'Allery', '2025-09-19', 1),
(80, 'Martie', 'Bentham3', '2025-05-02', 1),
(81, 'Sheffie', 'Hadye', '2025-09-06', 2),
(82, 'Halli', 'Cleal', '2025-08-08', 3),
(83, 'Kristoforo', 'Bocke', '2025-07-06', 1),
(84, 'Hedwiga', 'MacEntee', '2025-05-14', 1),
(85, 'Lonnard', 'Havile', '2025-01-09', 2),
(86, 'Tabatha', 'Campsall', '2025-10-08', 1),
(87, 'Lewie', 'Kull', '2024-12-25', 3),
(88, 'Kali', 'Meakes', '2024-12-20', 1),
(89, 'Martha', 'Praundl', '2025-07-19', 3),
(90, 'Germana', 'Greep', '2025-08-16', 1),
(91, 'Nicol', 'Yushkov', '2025-09-08', 2),
(92, 'Leanna', 'Coots', '2025-04-29', 3),
(93, 'Nikos', 'Olden', '2024-12-23', 1),
(94, 'Ryan', 'Van Saltsberg', '2025-07-06', 2),
(95, 'Kizzee', 'Ege', '2025-06-29', 1),
(96, 'Susan', 'McGaughay', '2025-03-31', 3),
(97, 'Donelle', 'Blakey', '2024-10-23', 2),
(98, 'Burty', 'Sieur', '2024-12-02', 3),
(99, 'Wash', 'de Leon', '2025-10-13', 3),
(100, 'Esdras', 'Dahmke', '2024-12-19', 3),
(101, 'Lynnea', 'Lister', '2025-09-18', 3),
(102, 'Edita', 'Ickovicz', '2025-06-07', 3),
(103, 'Fax', 'Livick', '2025-01-28', 1),
(104, 'Myrtia', 'Scahill', '2025-08-18', 2),
(105, 'Debee', 'Aloshikin', '2025-06-06', 3),
(106, 'Sterne', 'Brocklebank', '2025-09-09', 1),
(107, 'Alvie', 'Vinten', '2025-05-18', 2),
(108, 'Marsh', 'Edgworth', '2025-07-16', 3),
(109, 'Bruis', 'Stroyan', '2025-01-26', 3),
(110, 'Sherry', 'McIlvaney', '2025-08-22', 3),
(111, 'Burch', 'Rastall', '2025-08-24', 1),
(112, 'Drusy', 'Donald', '2024-10-28', 1),
(113, 'Helene', 'Beardsdale', '2024-12-12', 1),
(114, 'Chandler', 'Minister', '2025-02-15', 2),
(115, 'Lorette', 'Sawl', '2024-12-10', 2),
(116, 'Elke', 'Stolte', '2025-05-23', 2),
(117, 'Aretha', 'Sirman', '2025-01-17', 3),
(118, 'Humfrey', 'Westrip', '2024-11-22', 3),
(119, 'Tallie', 'Leyrroyd', '2025-08-18', 1),
(120, 'Alikee', 'Late', '2025-06-04', 2),
(121, 'Sancho', 'Scintsbury', '2025-04-15', 2),
(122, 'Sammy', 'Jerromes', '2025-10-09', 2),
(123, 'Charleen', 'Castagnet', '2025-02-21', 2),
(124, 'Lonnard', 'Kyffin', '2025-05-09', 1),
(125, 'Eryn', 'Prisley', '2024-11-12', 1),
(126, 'Kylynn', 'Letch', '2025-09-22', 2),
(127, 'Latia', 'Tointon', '2025-09-17', 1),
(128, 'Julian', 'Bresnen', '2025-02-08', 2),
(129, 'Selestina', 'Scherer', '2024-10-25', 3),
(130, 'Rozanna', 'Lethlay', '2025-05-03', 2),
(131, 'Georgine', 'Kemson', '2025-09-26', 2),
(132, 'Hogan', 'Spencley', '2025-02-25', 2),
(133, 'Bel', 'Batthew', '2025-04-20', 3),
(134, 'Fons', 'Kundt', '2024-12-25', 2),
(135, 'Quinton', 'Bayman', '2025-10-08', 2),
(136, 'Gian', 'Laffin', '2025-06-09', 2),
(137, 'Merci', 'Murthwaite', '2025-03-02', 3),
(138, 'Eugenie', 'Sewards', '2025-07-03', 2),
(139, 'Brad', 'Ledster', '2025-03-09', 2),
(140, 'Kerry', 'Gittus', '2025-01-24', 3),
(141, 'Christye', 'Studdard', '2025-01-21', 1),
(142, 'Ewan', 'Motten', '2025-08-26', 3),
(143, 'Norbert', 'Kuhl', '2024-12-12', 1),
(144, 'Rosemaria', 'Cupper', '2025-01-26', 3),
(145, 'Skell', 'Cabble', '2024-11-09', 3),
(146, 'Ertha', 'Baumer', '2025-02-12', 2),
(147, 'Herrick', 'Ferruzzi', '2025-07-28', 1),
(148, 'Holly-anne', 'Shard', '2025-01-04', 3),
(149, 'Jimmie', 'Macbeth', '2025-02-07', 3),
(150, 'Licha', 'Colvie', '2025-02-07', 1),
(151, 'Neely', 'Castellan', '2024-10-25', 2),
(152, 'Errick', 'Guyan', '2025-08-09', 2),
(153, 'Sonya', 'Dran', '2025-01-06', 3),
(154, 'Lolita', 'Benito', '2024-12-19', 1),
(155, 'Cate', 'Oiseau', '2024-12-07', 3),
(156, 'Charley', 'Conningham', '2025-07-24', 3),
(157, 'Allyn', 'Greenfield', '2025-06-28', 1),
(158, 'Jsandye', 'Malt', '2025-06-03', 3),
(159, 'Devland', 'Maghull', '2025-08-27', 2),
(160, 'Atlante', 'Volonte', '2025-08-19', 2),
(161, 'Pren', 'Ibbison', '2025-02-11', 2),
(162, 'Merissa', 'Mackrell', '2025-10-11', 2),
(163, 'Prudi', 'Truwert', '2025-05-30', 1),
(164, 'Faunie', 'Adrien', '2025-05-04', 2),
(165, 'Thorstein', 'Yesinov', '2025-01-27', 3),
(166, 'Matthiew', 'Gregorin', '2025-06-25', 1),
(167, 'Clemmie', 'Marrington', '2024-12-07', 2),
(168, 'Kirby', 'Trewman', '2025-03-16', 1),
(169, 'Marketa', 'Wanklyn', '2025-05-15', 3),
(170, 'Valina', 'Flux', '2025-04-29', 2),
(171, 'Ashleigh', 'Geddes', '2025-03-23', 2),
(172, 'Izak', 'Sygroves', '2025-03-04', 1),
(173, 'Carline', 'Emloch', '2025-05-08', 1),
(174, 'Bili', 'Mell', '2025-01-31', 3),
(175, 'Erasmus', 'Albrook', '2025-01-01', 2),
(176, 'Dorree', 'Vallerine', '2025-01-04', 2),
(177, 'Homere', 'Roux', '2024-11-29', 1),
(178, 'Domingo', 'Cartin', '2025-05-20', 2),
(179, 'Lucais', 'Guerreau', '2025-05-24', 2),
(180, 'Zared', 'Beane', '2025-04-22', 2),
(181, 'Harp', 'Harden', '2025-05-17', 2),
(182, 'Aguie', 'Lethcoe', '2024-11-26', 3),
(183, 'Shantee', 'Huggin', '2025-08-07', 2),
(184, 'Padgett', 'Boggs', '2025-06-10', 1),
(185, 'Hettie', 'Cudmore', '2024-10-23', 2),
(186, 'Lilian', 'Hast', '2025-05-01', 2),
(187, 'Eldredge', 'Pendrid', '2025-06-08', 2),
(188, 'Isadore', 'Buten', '2024-12-12', 2),
(189, 'Davie', 'Dampney', '2025-05-27', 3),
(190, 'Shellie', 'MacAnelley', '2025-03-30', 1),
(191, 'Goraud', 'Sculley', '2025-05-03', 3),
(192, 'Tabbi', 'Gilderoy', '2025-06-11', 3),
(193, 'Vasily', 'Butterworth', '2025-02-27', 3),
(194, 'Gardner', 'Plan', '2024-12-08', 3),
(195, 'Marielle', 'Yeates', '2025-07-25', 3),
(196, 'Charlotta', 'McGowan', '2025-06-29', 2),
(197, 'Rodolph', 'Binnall', '2025-09-20', 1),
(198, 'Raine', 'Schermick', '2025-02-04', 2),
(199, 'Viki', 'O\'Doherty', '2025-01-22', 3),
(200, 'Calvin', 'Tomei', '2025-10-17', 2),
(201, 'Hussein', 'Blaza', '2025-05-31', 3),
(202, 'Mycah', 'Ayce', '2024-12-25', 3),
(203, 'Pavlov', 'Haibel', '2025-10-04', 1),
(204, 'Gavrielle', 'Blewett', '2025-05-30', 2),
(205, 'Guthrey', 'Newbury', '2025-04-21', 3),
(206, 'Hendrick', 'Pealing', '2025-10-15', 2),
(207, 'Markos', 'Shark', '2025-09-29', 2),
(208, 'Wanids', 'Izzard', '2024-12-30', 1),
(209, 'Maryann', 'Sherrocks', '2024-10-19', 1),
(210, 'Fanny', 'Jost', '2025-10-17', 1),
(211, 'Karissa', 'Garces', '2025-03-01', 2),
(212, 'Cammy', 'Lamboll', '2025-08-21', 1),
(213, 'Berte', 'Twinning', '2024-12-05', 3),
(214, 'Thatch', 'Rothert', '2024-12-11', 1),
(215, 'Horacio', 'Radclyffe', '2025-02-21', 2),
(216, 'Mariellen', 'Eickhoff', '2025-07-08', 2),
(217, 'Hillier', 'Zmitrovich', '2025-09-12', 1),
(218, 'Brad', 'Varian', '2025-09-23', 1),
(219, 'Betty', 'Boldt', '2025-01-10', 3),
(220, 'Caresse', 'Downing', '2025-05-14', 3),
(221, 'Kissiah', 'Galletley', '2025-07-31', 3),
(222, 'Vincenty', 'McLaughlan', '2025-02-28', 2),
(223, 'Lindsy', 'Symcock', '2024-11-17', 1),
(224, 'Elisa', 'Eastby', '2025-07-21', 3),
(225, 'Flory', 'Arendt', '2025-02-05', 2),
(226, 'Marcellina', 'Andrag', '2024-11-26', 3),
(227, 'Boyce', 'Grzeszczyk', '2025-01-09', 2),
(228, 'Martie', 'Longea', '2024-11-08', 3),
(229, 'Rickie', 'Margerison', '2025-04-27', 3),
(230, 'Violette', 'Hatherleigh', '2025-01-28', 3),
(231, 'Luther', 'Chess', '2024-12-27', 1),
(232, 'Hadrian', 'Tesyro', '2025-03-28', 2),
(233, 'Tremayne', 'Burland', '2024-11-30', 1),
(234, 'Brina', 'Insole', '2024-12-04', 2),
(235, 'Audrie', 'Vasilmanov', '2025-01-29', 2),
(236, 'Cara', 'Girodon', '2025-02-03', 3),
(237, 'Christabella', 'Miklem', '2025-07-18', 2),
(238, 'Petra', 'Colquit', '2025-07-10', 2),
(239, 'Reagan', 'Gosart', '2024-11-05', 2),
(240, 'Celle', 'Glossop', '2025-09-05', 1),
(241, 'Kiley', 'Platts', '2025-05-29', 3),
(242, 'Cindra', 'Cromer', '2024-12-28', 2),
(243, 'Brooks', 'Baker', '2025-07-20', 3),
(244, 'Ritchie', 'Tabert', '2025-02-03', 3),
(245, 'Lind', 'Pickford', '2025-05-09', 2),
(246, 'Ashely', 'Gowanlock', '2025-01-04', 1),
(247, 'Deny', 'Olin', '2025-09-05', 2),
(248, 'Robinetta', 'Belone', '2025-01-17', 1),
(249, 'Adriane', 'Varley', '2025-02-27', 3),
(250, 'Ada', 'Marklund', '2024-11-21', 3),
(251, 'Jermayne', 'Spini', '2025-08-14', 3),
(252, 'Kimmie', 'Bedding', '2025-01-18', 1),
(253, 'Arlinda', 'Hugnet', '2025-09-21', 1),
(254, 'Elset', 'Eixenberger', '2025-03-18', 2),
(255, 'Camellia', 'Bolderoe', '2025-05-28', 1),
(256, 'Ranee', 'Quadrio', '2025-08-25', 1),
(257, 'Diena', 'Gutcher', '2025-01-25', 1),
(258, 'Hodge', 'Kubelka', '2025-01-16', 3),
(259, 'Lucien', 'Simonett', '2025-03-01', 1),
(260, 'Steffie', 'Joye', '2024-11-07', 2),
(261, 'Ann-marie', 'Cody', '2024-12-08', 1),
(262, 'Bradney', 'Hartin', '2025-07-04', 3),
(263, 'Reade', 'Cheese', '2024-11-25', 3),
(264, 'Hilton', 'deKnevet', '2025-07-16', 3),
(265, 'Evangelia', 'Aindrais', '2025-02-14', 1),
(266, 'Hedwig', 'Britto', '2025-05-18', 1),
(267, 'Carlo', 'Chominski', '2025-02-04', 1),
(268, 'Christel', 'Leake', '2025-09-30', 3),
(269, 'Lorene', 'Andrelli', '2025-04-26', 3),
(270, 'Justinian', 'Szymanzyk', '2025-03-06', 1),
(271, 'Ertha', 'Grewes', '2025-03-16', 1),
(272, 'Rosalynd', 'Stott', '2024-11-01', 2),
(273, 'Annamaria', 'Renfree', '2025-08-03', 3),
(274, 'Basilius', 'Erricker', '2025-01-12', 2),
(275, 'Kelly', 'Thomelin', '2025-10-11', 2),
(276, 'Casey', 'Goodsall', '2025-04-21', 1),
(277, 'Blanche', 'Baskeyfied', '2025-04-08', 1),
(278, 'Roth', 'Sparks', '2025-07-06', 3),
(279, 'Sayres', 'Bolus', '2025-04-04', 1),
(280, 'Amalie', 'Croci', '2025-02-12', 3),
(281, 'Reynold', 'Elcoux', '2025-01-07', 1),
(282, 'Bord', 'Swaddle', '2025-04-20', 2),
(283, 'Darya', 'Ambroise', '2025-01-09', 2),
(284, 'Jeth', 'Hatliff', '2025-09-04', 1),
(285, 'Carmine', 'Pool', '2025-08-26', 3),
(286, 'Tracy', 'McIlory', '2025-03-25', 1),
(287, 'Jenica', 'Lambertini', '2025-04-15', 1),
(288, 'Pierre', 'Earney', '2025-02-21', 1),
(289, 'Alix', 'Nizard', '2025-04-03', 1),
(290, 'Marcela', 'Lowmass', '2024-11-29', 3),
(291, 'Celia', 'Roseborough', '2025-04-11', 2),
(292, 'Valaria', 'Caville', '2025-08-10', 3),
(293, 'Latia', 'Reeder', '2025-08-12', 1),
(294, 'Duane', 'Safe', '2025-05-12', 3),
(295, 'Joe', 'Duthy', '2025-08-27', 3),
(296, 'Leyla', 'Caurah', '2025-01-15', 3),
(297, 'Danna', 'Petrello', '2024-12-14', 2),
(298, 'Maudie', 'Ollie', '2025-07-13', 1),
(299, 'Valaria', 'Diehn', '2025-03-03', 1),
(300, 'Rosa', 'Wybrow', '2025-08-03', 1),
(301, 'Callean', 'Jans', '2025-09-03', 3),
(302, 'Skyler', 'Heskins', '2025-05-02', 1),
(303, 'Lorenzo', 'Mityukov', '2025-04-30', 2),
(304, 'Natty', 'Kramer', '2025-09-07', 3),
(305, 'Jo-ann', 'Asche', '2025-05-18', 3),
(306, 'Maure', 'Allett', '2025-05-18', 1),
(307, 'Olenka', 'Stucksbury', '2025-02-21', 3),
(308, 'Reynolds', 'Issacov', '2025-08-18', 1),
(309, 'Ruthi', 'Masselin', '2024-12-09', 1),
(310, 'Lanny', 'Sinclair', '2024-12-03', 2),
(311, 'Tedd', 'Targetter', '2025-01-17', 2),
(312, 'Conroy', 'Girardet', '2025-09-01', 2),
(313, 'Maryjane', 'Udie', '2024-11-27', 1),
(314, 'Kara-lynn', 'Wager', '2025-01-05', 1),
(315, 'Brigid', 'Milkins', '2025-07-15', 2),
(316, 'Keene', 'Ondracek', '2024-10-20', 3),
(317, 'Carmel', 'Blencoe', '2024-12-07', 2),
(318, 'Theresita', 'Ollerearnshaw', '2024-12-19', 3),
(319, 'Heinrick', 'Whittaker', '2025-01-02', 1),
(320, 'Dick', 'Sher', '2025-05-18', 3),
(321, 'Cass', 'Fairhead', '2025-08-09', 2),
(322, 'Dorette', 'MacGettigen', '2025-06-25', 2),
(323, 'Huberto', 'Paull', '2025-05-31', 3),
(324, 'Leonidas', 'Trim', '2025-08-21', 1),
(325, 'Esma', 'Verni', '2024-11-18', 2),
(326, 'Klarika', 'Landy', '2025-09-16', 2),
(327, 'Mathilde', 'Gelardi', '2025-02-16', 2),
(328, 'Averil', 'Vasyunichev', '2025-04-03', 2),
(329, 'Brooke', 'Burton', '2025-10-17', 3),
(330, 'Maddalena', 'Rouzet', '2025-05-04', 1),
(331, 'Wallie', 'Sharnock', '2025-08-25', 3),
(332, 'Noel', 'Impy', '2025-01-16', 2),
(333, 'Clovis', 'Reynolds', '2024-12-02', 3),
(334, 'Brenn', 'Pilcher', '2025-08-20', 1),
(335, 'Petronille', 'Titley', '2025-04-08', 3),
(336, 'Franklyn', 'Rampton', '2024-11-25', 3),
(337, 'Celestia', 'Garmans', '2025-03-10', 2),
(338, 'Jessee', 'Maris', '2025-07-01', 2),
(339, 'Neala', 'Winterson', '2025-05-09', 2),
(340, 'Nilson', 'Crolla', '2024-11-25', 2),
(341, 'Jacenta', 'Hollebon', '2024-12-21', 1),
(342, 'Kim', 'Salter', '2025-04-30', 3),
(343, 'Meara', 'Kear', '2025-02-02', 2),
(344, 'Dory', 'MacMechan', '2025-05-08', 1),
(345, 'Anjanette', 'Goolding', '2025-08-26', 2),
(346, 'Yulma', 'Turpey', '2025-05-08', 2),
(347, 'Ferne', 'Marciskewski', '2025-06-14', 3),
(348, 'Kippie', 'Codrington', '2025-04-10', 1),
(349, 'Rosita', 'Spain', '2025-07-03', 3),
(350, 'Gare', 'Gallemore', '2024-12-20', 2),
(351, 'Egor', 'Jasik', '2024-11-17', 3),
(352, 'Earl', 'Camock', '2025-03-31', 2),
(353, 'Ilyse', 'Aldwich', '2025-09-06', 3),
(354, 'Dugald', 'Matasov', '2025-08-02', 2),
(355, 'Cassandry', 'Gaffey', '2025-07-17', 2),
(356, 'Blinni', 'Dudney', '2025-07-06', 3),
(357, 'Wenda', 'Hamley', '2025-07-26', 2),
(358, 'Adelle', 'Meeking', '2025-08-26', 2),
(359, 'Ivonne', 'Radmer', '2025-03-04', 3),
(360, 'Matthus', 'Vynarde', '2025-08-16', 2),
(361, 'Rodolfo', 'Madner', '2025-06-17', 1),
(362, 'Flss', 'Jobb', '2025-07-22', 2),
(363, 'Judas', 'Titterell', '2025-03-13', 2),
(364, 'Chrisse', 'Iliff', '2024-12-12', 2),
(365, 'Jordain', 'Bristow', '2025-03-31', 2),
(366, 'Kylie', 'Darracott', '2024-12-20', 1),
(367, 'Valerie', 'Jaumet', '2025-08-05', 2),
(368, 'Ranique', 'Carslake', '2025-06-15', 1),
(369, 'Herold', 'Besset', '2025-06-22', 2),
(370, 'Carena', 'Longmead', '2025-04-30', 1),
(371, 'Barnie', 'Brownsett', '2025-06-02', 2),
(372, 'Neal', 'Kingsnorth', '2025-02-18', 1),
(373, 'Cesare', 'Garret', '2025-05-06', 1),
(374, 'Lukas', 'Grealy', '2025-05-12', 3),
(375, 'Katerina', 'Rimington', '2025-08-19', 1),
(376, 'Gigi', 'Dorman', '2024-11-08', 1),
(377, 'Ingar', 'Morman', '2024-12-22', 1),
(378, 'Elden', 'Oager', '2025-07-03', 2),
(379, 'Baillie', 'Camm', '2025-07-04', 2),
(380, 'Broddy', 'Stuck', '2025-05-02', 2),
(381, 'Normy', 'Considine', '2024-11-24', 2),
(382, 'Maryjo', 'Succamore', '2025-02-25', 1),
(383, 'Eden', 'Duckerin', '2025-02-05', 3),
(384, 'Bambie', 'Biddell', '2025-03-21', 1),
(385, 'Witty', 'Drought', '2025-09-18', 3),
(386, 'Gawain', 'Hadingham', '2025-06-15', 1),
(387, 'Theodor', 'Picott', '2024-12-18', 3),
(388, 'Honey', 'Ulrik', '2024-11-03', 1),
(389, 'Trent', 'Tinham', '2025-05-21', 3),
(390, 'Tyrone', 'Dinsmore', '2025-09-17', 1),
(391, 'Lib', 'holmes', '2025-07-29', 2),
(392, 'Klarrisa', 'Melliard', '2025-09-16', 3),
(393, 'Willdon', 'Scothron', '2024-11-14', 3),
(394, 'Gaelan', 'Mateja', '2025-07-25', 2),
(395, 'Thalia', 'Hutchison', '2025-09-03', 1),
(396, 'Van', 'Crookshanks', '2025-09-02', 1),
(397, 'Marissa', 'Jeppensen', '2025-01-05', 3),
(398, 'Anjela', 'Sherebrook', '2025-07-28', 1),
(399, 'Paulita', 'Haselup', '2025-01-11', 1),
(400, 'Raffaello', 'de Cullip', '2025-01-15', 3),
(401, 'Kerri', 'Lambersen', '2025-07-31', 1),
(402, 'Damita', 'Belmont', '2024-11-19', 2),
(403, 'Edouard', 'Kamiyama', '2025-05-12', 2),
(404, 'Charleen', 'Hattrick', '2024-11-07', 3),
(405, 'Rollo', 'Maddrah', '2025-06-17', 3),
(406, 'Coleman', 'Freeburn', '2024-10-28', 2),
(407, 'Michael', 'MacKimm', '2025-02-17', 3),
(408, 'Hansiain', 'Drees', '2025-05-11', 1),
(409, 'Reinhard', 'Kelbie', '2024-12-20', 3),
(410, 'Nessie', 'Giddins', '2025-06-16', 2),
(411, 'Homere', 'Spada', '2024-11-06', 3),
(412, 'Wylma', 'Byrd', '2025-05-24', 1),
(413, 'Minta', 'Hodgets', '2025-02-14', 3),
(414, 'Shelden', 'Maulkin', '2024-12-28', 1),
(415, 'Priscilla', 'Baroc', '2025-06-16', 1),
(416, 'Byrle', 'Hassewell', '2024-11-10', 3),
(417, 'Raynell', 'Durnford', '2024-12-07', 1),
(418, 'Maighdiln', 'Hairyes', '2025-05-04', 3),
(419, 'Florentia', 'Bagger', '2024-12-07', 1),
(420, 'Iormina', 'Readings', '2025-08-10', 1),
(421, 'Masha', 'Deam', '2025-02-04', 1),
(422, 'Ab', 'Samwyse', '2024-12-01', 3),
(423, 'Chrotoem', 'MacWilliam', '2025-06-02', 2),
(424, 'Britt', 'Pellew', '2025-03-23', 3),
(425, 'Lana', 'Clewarth', '2025-04-05', 3),
(426, 'Ermentrude', 'Crimes', '2025-07-06', 3),
(427, 'Arte', 'Newstead', '2025-03-24', 3),
(428, 'Joanne', 'Maidens', '2025-04-10', 1),
(429, 'Marshal', 'Barthod', '2025-03-30', 1),
(430, 'Tremain', 'Gaunson', '2025-04-14', 3),
(431, 'Freddy', 'Dallyn', '2024-10-23', 1),
(432, 'Hillyer', 'Dullingham', '2025-07-01', 3),
(433, 'Abe', 'Nortunen', '2025-01-05', 1),
(434, 'Marlene', 'Clethro', '2024-10-26', 3),
(435, 'Melly', 'Adamolli', '2024-11-02', 3),
(436, 'Marji', 'Perren', '2025-09-14', 2),
(437, 'Bay', 'Cubbini', '2025-08-19', 2),
(438, 'Nolie', 'Paulusch', '2025-02-07', 2),
(439, 'Bibbie', 'Budge', '2025-05-11', 1),
(440, 'Poul', 'Coppins', '2025-04-27', 1),
(441, 'Chan', 'Jouanot', '2024-12-11', 1),
(442, 'Arnoldo', 'Keegan', '2025-07-31', 3),
(443, 'Tanitansy', 'Petyanin', '2025-08-26', 3),
(444, 'Geri', 'Grigorushkin', '2025-05-21', 2),
(445, 'Maurita', 'Furmagier', '2025-07-02', 1),
(446, 'Tybalt', 'Stait', '2025-02-19', 3),
(447, 'Margarita', 'Bambery', '2025-06-08', 2),
(448, 'Malissia', 'McGonigle', '2025-04-20', 1),
(449, 'Crichton', 'Switland', '2025-09-23', 1),
(450, 'Queenie', 'Tutton', '2025-06-08', 1),
(451, 'Cornelia', 'Patroni', '2025-07-15', 1),
(452, 'Manya', 'Fri', '2025-07-01', 2),
(453, 'Wolfie', 'Godmer', '2025-01-22', 3),
(454, 'Desmond', 'Gristwood', '2025-06-27', 3),
(455, 'Coraline', 'Statham', '2025-08-21', 3),
(456, 'Caresa', 'Djuricic', '2025-07-25', 3),
(457, 'Hilly', 'Heningham', '2025-05-25', 2),
(458, 'Quint', 'Aime', '2025-05-14', 3),
(459, 'Juan', 'Kings', '2025-08-31', 2),
(460, 'Griff', 'MacAlpyne', '2024-12-25', 3),
(461, 'Oberon', 'Karp', '2025-03-19', 3),
(462, 'Sigismondo', 'Heath', '2025-04-28', 3),
(463, 'Tan', 'Fancet', '2025-03-18', 2),
(464, 'Celeste', 'Piccard', '2025-07-22', 1),
(465, 'Chancey', 'Adolthine', '2025-10-10', 2),
(466, 'Bryanty', 'Mee', '2025-04-25', 2),
(467, 'Alfie', 'Rue', '2024-10-27', 1),
(468, 'Eadith', 'Crampsey', '2025-01-12', 1),
(469, 'Lombard', 'Carleman', '2025-03-26', 2),
(470, 'Leonie', 'Kobieriecki', '2025-08-01', 2),
(471, 'Debi', 'Welford', '2024-11-19', 3),
(472, 'Doloritas', 'Cameron', '2025-08-11', 1),
(473, 'Yoshiko', 'Smith', '2025-05-16', 3),
(474, 'Jacki', 'Date', '2024-10-30', 1),
(475, 'Malinde', 'Caroll', '2025-04-27', 3),
(476, 'Kinna', 'Rennebach', '2025-04-27', 2),
(477, 'Ginevra', 'Haresnaip', '2025-01-19', 3),
(478, 'Arie', 'Erwin', '2025-05-06', 1),
(479, 'Kirsteni', 'Ferrillio', '2025-01-09', 3),
(480, 'Adore', 'Priestman', '2025-10-18', 1),
(481, 'Ninnetta', 'Ragat', '2025-04-13', 1),
(482, 'Dorri', 'O\'Garmen', '2024-12-09', 3),
(483, 'Cully', 'Mobberley', '2024-12-29', 3),
(484, 'Giordano', 'Syrett', '2025-04-21', 1),
(485, 'Sofia', 'Mugridge', '2025-08-04', 1),
(486, 'Arel', 'Ridder', '2025-06-02', 2),
(487, 'Frederic', 'Yoslowitz', '2025-04-18', 3),
(488, 'Ruthe', 'Paddefield', '2024-12-17', 3),
(489, 'Deni', 'Bowfin', '2025-05-23', 2),
(490, 'Lodovico', 'Labitt', '2024-12-05', 1),
(491, 'Cathyleen', 'Poluzzi', '2025-08-16', 3),
(492, 'Clarice', 'Tomalin', '2025-07-21', 3),
(493, 'Jonell', 'Thorlby', '2025-04-30', 3),
(494, 'Adan', 'Kinleyside', '2025-07-26', 3),
(495, 'Buddie', 'Izkovitch', '2025-02-18', 1),
(496, 'Ddene', 'Ambrozik', '2025-09-11', 3),
(497, 'Guntar', 'Antonomolii', '2025-03-08', 1),
(498, 'Karol', 'Steers', '2025-03-16', 2),
(499, 'Edd', 'Buscombe', '2025-01-10', 2),
(500, 'Darleen', 'Chestney', '2025-06-07', 2),
(501, 'Melody', 'Rheubottom', '2025-05-23', 3),
(502, 'Cal', 'Spenclay', '2024-12-22', 3),
(503, 'Addison', 'Labbati', '2025-08-01', 3),
(504, 'Warner', 'Matterdace', '2024-12-22', 1),
(505, 'Pren', 'Capstack', '2024-10-31', 1),
(506, 'Harry', 'Shelvey', '2025-05-15', 3),
(507, 'Alfie', 'Schouthede', '2025-07-10', 3),
(508, 'Clayborne', 'Gooly', '2025-02-17', 2),
(509, 'Gilligan', 'Clay', '2025-03-25', 3),
(510, 'Marika', 'Skim', '2025-04-01', 1),
(511, 'Laurena', 'Eberst', '2025-07-26', 3),
(512, 'Pedro', 'Burdon', '2025-01-21', 3),
(513, 'Vally', 'Vasic', '2025-07-16', 3),
(514, 'Lisabeth', 'Klaggeman', '2025-06-27', 3),
(515, 'Sharia', 'Revans', '2025-03-19', 1),
(516, 'Leona', 'Antrag', '2024-11-14', 3),
(517, 'Lindsy', 'Poundford', '2025-03-11', 2),
(518, 'Adore', 'Abramovitch', '2025-07-28', 3),
(519, 'Bradford', 'Vila', '2025-09-25', 1),
(520, 'Alla', 'Tovey', '2025-02-12', 1),
(521, 'Franciskus', 'Knappen', '2025-09-11', 3),
(522, 'Pattie', 'Hedan', '2025-07-02', 1),
(523, 'Mick', 'Simpkins', '2024-11-06', 2),
(524, 'Vivi', 'Walkowski', '2025-10-10', 1),
(525, 'Nari', 'Ganderton', '2025-04-30', 1),
(526, 'Son', 'Montez', '2025-02-01', 1),
(527, 'Filberto', 'Agates', '2025-05-26', 3),
(528, 'Winslow', 'Paolozzi', '2025-06-20', 3),
(529, 'Ileana', 'Cutchie', '2025-05-02', 2),
(530, 'Niki', 'McVane', '2025-04-02', 1),
(531, 'Nikolas', 'Shaefer', '2025-10-02', 1),
(532, 'Lanie', 'Stutter', '2025-08-16', 2),
(533, 'Allyn', 'Bilt', '2025-08-06', 1),
(534, 'Mitchel', 'Conti', '2025-07-20', 1),
(535, 'Winny', 'Grebert', '2025-10-10', 2),
(536, 'Betsey', 'Upham', '2025-01-31', 2),
(537, 'Anica', 'Oake', '2025-08-16', 3),
(538, 'Sandy', 'Dumphreys', '2024-12-27', 1),
(539, 'Hannah', 'Killiam', '2025-05-18', 1),
(540, 'Lonni', 'Ivanishev', '2025-04-05', 3),
(541, 'Serena', 'Pendergast', '2025-01-04', 3),
(542, 'Ula', 'Sharpling', '2025-03-01', 2),
(543, 'Brandice', 'Jubert', '2025-05-08', 2),
(544, 'Rosmunda', 'Mayer', '2025-03-30', 2),
(545, 'Katha', 'Casserley', '2025-02-28', 1),
(546, 'Claudell', 'Camillo', '2025-09-02', 3),
(547, 'Elane', 'Stroband', '2025-05-18', 2),
(548, 'Mellisent', 'Hens', '2025-01-25', 2),
(549, 'Blinny', 'Stollery', '2025-09-23', 2),
(550, 'Adel', 'Ortet', '2025-01-24', 1),
(551, 'Daisie', 'Rundall', '2025-01-10', 2),
(552, 'Gallard', 'Bodesson', '2025-08-21', 2),
(553, 'Lannie', 'Riordan', '2024-10-20', 3),
(554, 'Myrta', 'Scoterbosh', '2025-05-12', 3),
(555, 'Theadora', 'Purchase', '2025-09-26', 1),
(556, 'Gill', 'Opdenort', '2025-03-01', 3),
(557, 'Minetta', 'Stellman', '2024-11-05', 2),
(558, 'Gonzales', 'Jirak', '2025-09-14', 2),
(559, 'Giavani', 'Rapo', '2024-11-23', 3),
(560, 'Hershel', 'Bardell', '2025-03-02', 3),
(561, 'Anna', 'Hawkswell', '2025-06-03', 2),
(562, 'Shaylynn', 'Cotterrill', '2025-01-31', 3),
(563, 'Alma', 'Penrice', '2025-06-20', 2),
(564, 'Nance', 'de Juares', '2025-01-02', 3),
(565, 'Rudyard', 'Corde', '2025-05-29', 2),
(566, 'Cathrin', 'Hallybone', '2024-10-21', 3),
(567, 'Rene', 'Churchill', '2024-11-09', 1),
(568, 'Imelda', 'Cahan', '2024-12-08', 1),
(569, 'Cate', 'Clee', '2025-01-11', 2),
(570, 'Carena', 'Bullion', '2025-05-19', 3),
(571, 'Delbert', 'Hounsom', '2025-01-04', 1),
(572, 'Emmy', 'Jedraszczyk', '2024-11-23', 2),
(573, 'Orton', 'Oventon', '2025-02-14', 2),
(574, 'Chantalle', 'MacDowall', '2025-01-02', 3),
(575, 'Wilow', 'Chidzoy', '2025-10-17', 1),
(576, 'Sephira', 'Savaage', '2025-01-15', 3),
(577, 'Sharai', 'Haistwell', '2025-06-13', 1),
(578, 'Danya', 'Blaby', '2025-09-09', 3),
(579, 'Tally', 'Heiton', '2025-06-18', 2),
(580, 'Edgardo', 'Treven', '2025-07-28', 2),
(581, 'Nike', 'Runacres', '2025-05-20', 2),
(582, 'Tildie', 'Mugg', '2025-05-15', 2),
(583, 'Gery', 'Bartczak', '2025-03-12', 2),
(584, 'Lucien', 'Leavold', '2025-07-13', 3),
(585, 'Bronny', 'Gainsbury', '2025-03-25', 1),
(586, 'Ainsley', 'Knee', '2024-10-22', 2),
(587, 'Werner', 'Antonchik', '2025-07-16', 2),
(588, 'Sybila', 'Olyet', '2025-01-03', 1),
(589, 'Filippo', 'Maybey', '2024-12-07', 2),
(590, 'Hubey', 'Casse', '2025-03-05', 3),
(591, 'Naomi', 'Marler', '2024-10-27', 3),
(592, 'Lina', 'O\'Coskerry', '2024-11-13', 2),
(593, 'Jaymie', 'McGow', '2024-12-13', 3),
(594, 'Urbano', 'Rafter', '2025-02-22', 3),
(595, 'Minnaminnie', 'Hamshere', '2025-03-23', 1),
(596, 'Tam', 'Cauldfield', '2025-08-15', 3),
(597, 'Celestyn', 'Van der Linde', '2025-10-03', 2),
(598, 'Ibbie', 'Poplee', '2025-06-17', 2),
(599, 'Tildie', 'Langthorne', '2025-09-29', 1),
(600, 'Giana', 'Dunn', '2025-09-23', 3),
(601, 'Baird', 'Dummett', '2024-11-26', 3),
(602, 'Dunstan', 'Simmance', '2025-09-20', 1),
(603, 'Drew', 'Thunnerclef', '2025-03-21', 3),
(604, 'Valry', 'Wannes', '2025-01-28', 3),
(605, 'Ninette', 'Gaine of England', '2025-01-08', 3),
(606, 'Angie', 'Brum', '2025-01-07', 3),
(607, 'Fred', 'Brockbank', '2025-06-27', 1),
(608, 'Brook', 'Flieg', '2025-08-07', 1),
(609, 'Siegfried', 'Oxtaby', '2025-08-22', 2),
(610, 'Dede', 'Baudinet', '2025-01-25', 1),
(611, 'Merridie', 'Biner', '2025-02-01', 1),
(612, 'Ciro', 'Luton', '2025-07-25', 3),
(613, 'Lynda', 'Leetham', '2025-05-25', 2),
(614, 'Sibbie', 'Hardington', '2025-05-17', 2),
(615, 'Geralda', 'Morston', '2025-01-12', 1),
(616, 'Marcel', 'Leeke', '2025-04-03', 3),
(617, 'Nikos', 'Macvey', '2024-10-30', 1),
(618, 'Flo', 'Ponsford', '2025-07-19', 1),
(619, 'Esra', 'Blower', '2025-06-05', 3),
(620, 'Stanley', 'Flintoffe', '2025-04-21', 2),
(621, 'Ambros', 'Soloway', '2024-12-28', 3),
(622, 'Fayette', 'Howel', '2025-09-14', 2),
(623, 'Angus', 'Flaunier', '2025-10-07', 3),
(624, 'Maxy', 'Yorkston', '2025-09-16', 1),
(625, 'Franny', 'Lambin', '2025-06-16', 1),
(626, 'Zared', 'Sivills', '2025-05-19', 3),
(627, 'Maddi', 'Hoogendorp', '2025-09-28', 3),
(628, 'Hi', 'Sears', '2025-01-17', 3),
(629, 'Carlyn', 'Wolland', '2025-01-05', 2),
(630, 'Paquito', 'Rosencrantz', '2025-01-03', 3),
(631, 'Tiebout', 'Warrier', '2025-02-20', 3),
(632, 'Franchot', 'Auchterlonie', '2025-09-02', 3),
(633, 'Lisabeth', 'Dowall', '2025-02-15', 1),
(634, 'Mohandis', 'Thebes', '2025-08-23', 2),
(635, 'Jolie', 'Demschke', '2024-11-25', 1),
(636, 'Alyce', 'Oriel', '2025-04-15', 2),
(637, 'Issiah', 'Pidgeley', '2025-05-01', 3),
(638, 'Berty', 'MacIlwrick', '2025-04-08', 1),
(639, 'Demetris', 'Reames', '2025-08-23', 1),
(640, 'Karlens', 'De Giorgis', '2025-02-28', 3),
(641, 'Joletta', 'Wolseley', '2025-01-31', 3),
(642, 'Dian', 'Tash', '2025-05-24', 3),
(643, 'Leyla', 'Guiot', '2025-01-02', 3),
(644, 'Erie', 'Ughelli', '2025-02-08', 3),
(645, 'Jobi', 'Antwis', '2025-09-19', 1),
(646, 'Rene', 'Drinkel', '2025-06-16', 3),
(647, 'Emmie', 'Spellecy', '2025-01-22', 1),
(648, 'Vonnie', 'Grece', '2025-02-07', 1),
(649, 'Verene', 'Lidyard', '2024-11-11', 2),
(650, 'Roana', 'Mizzen', '2025-02-04', 1),
(651, 'Jone', 'Birtle', '2025-01-26', 1),
(652, 'Lyndell', 'Wayon', '2025-01-23', 2),
(653, 'Sapphira', 'Fearns', '2024-11-01', 2),
(654, 'Alfonse', 'Siseland', '2025-10-04', 3),
(655, 'Temp', 'Kornas', '2025-04-25', 1),
(656, 'Dew', 'Faraday', '2025-02-03', 3),
(657, 'Lacie', 'Zoane', '2025-04-16', 3),
(658, 'Beniamino', 'Braycotton', '2024-12-16', 3),
(659, 'Willette', 'Swainson', '2025-01-28', 3),
(660, 'Ann-marie', 'Rohlfs', '2025-06-28', 1),
(661, 'Anallise', 'Macken', '2024-12-20', 2),
(662, 'Harwilll', 'Drinkale', '2025-07-11', 1),
(663, 'Cliff', 'Pardie', '2025-01-28', 3),
(664, 'Rosette', 'Westmacott', '2025-03-05', 3),
(665, 'Hillery', 'Tortice', '2025-07-10', 3),
(666, 'Jard', 'Geillier', '2025-03-16', 1),
(667, 'Carleen', 'Rawling', '2025-03-23', 2),
(668, 'Glen', 'Slingsby', '2025-10-16', 3),
(669, 'Annalee', 'MacCartan', '2025-06-21', 2),
(670, 'Tobe', 'Jarritt', '2024-10-29', 1),
(671, 'Wileen', 'Baskett', '2024-11-07', 2),
(672, 'Loreen', 'Montford', '2025-07-24', 3),
(673, 'Caterina', 'Budding', '2024-10-29', 1),
(674, 'Eward', 'Davidge', '2025-05-21', 1),
(675, 'Nani', 'Ginnelly', '2024-12-26', 1),
(676, 'Gillie', 'Strete', '2024-11-10', 2),
(677, 'Luz', 'Peegrem', '2025-06-28', 3),
(678, 'Lyndsie', 'Caccavari', '2024-12-06', 3),
(679, 'Maure', 'Witherow', '2025-01-04', 3),
(680, 'Stu', 'Wilton', '2024-11-06', 3),
(681, 'Darci', 'Stalman', '2025-09-09', 2),
(682, 'Ximenez', 'Blythin', '2025-02-27', 1),
(683, 'Dyan', 'Thurgood', '2025-08-10', 2),
(684, 'Cheryl', 'Iannetti', '2025-03-13', 3),
(685, 'Charlena', 'Manchester', '2024-12-28', 2),
(686, 'Elvin', 'Sambell', '2024-11-02', 2),
(687, 'Gail', 'Flipek', '2025-04-24', 2),
(688, 'Patrica', 'Garriock', '2025-09-12', 2),
(689, 'Merna', 'Bachellier', '2025-01-04', 3),
(690, 'Mag', 'Champion', '2025-07-14', 3),
(691, 'Fonz', 'Serrurier', '2025-09-22', 2),
(692, 'Rois', 'Monnelly', '2025-02-05', 1),
(693, 'Yvor', 'Haggerwood', '2025-09-02', 1),
(694, 'Sarette', 'Lukovic', '2025-05-12', 1),
(695, 'Gerianna', 'Wafer', '2024-10-30', 3),
(696, 'Cora', 'Opy', '2024-10-23', 1),
(697, 'Natty', 'Yule', '2025-03-13', 1),
(698, 'Iona', 'Escoffrey', '2025-05-07', 2),
(699, 'Cristionna', 'Desvignes', '2025-03-03', 3),
(700, 'Nels', 'Bremond', '2025-07-25', 3),
(701, 'Carol', 'Stanning', '2025-03-19', 1),
(702, 'Beniamino', 'Saxelby', '2025-04-20', 2),
(703, 'Ezequiel', 'Bourke', '2024-11-08', 2),
(704, 'Stanley', 'Cawthry', '2025-01-14', 3),
(705, 'Wren', 'Pucknell', '2025-01-08', 2),
(706, 'Clementine', 'Prewer', '2025-08-07', 3),
(707, 'Gracie', 'Bosson', '2025-01-19', 1),
(708, 'Chelsie', 'Dyas', '2024-11-14', 1),
(709, 'Kurtis', 'Wasteney', '2025-04-03', 1),
(710, 'Sheba', 'Jakolevitch', '2025-07-26', 3),
(711, 'Ardine', 'Coggeshall', '2024-11-01', 2),
(712, 'Allianora', 'Goodban', '2025-03-09', 1),
(713, 'Lazarus', 'Ronnay', '2024-12-13', 2),
(714, 'Carey', 'MacKaig', '2025-06-15', 2),
(715, 'Amabel', 'Fincken', '2025-05-01', 3),
(716, 'Ive', 'Howorth', '2025-02-21', 3),
(717, 'Harv', 'Ticehurst', '2025-09-20', 2),
(718, 'Jacinda', 'Donovan', '2025-01-09', 3),
(719, 'Hubey', 'Espadero', '2025-03-07', 2),
(720, 'Justina', 'Asple', '2024-12-06', 2),
(721, 'Milt', 'Breitling', '2025-01-26', 3),
(722, 'Johnathan', 'Barajas', '2025-08-29', 2),
(723, 'Alec', 'Hellier', '2025-07-15', 2),
(724, 'Nickolaus', 'Figurski', '2025-03-09', 3),
(725, 'Alexina', 'Ortiga', '2025-02-15', 3),
(726, 'Candis', 'Ferrick', '2025-05-18', 1),
(727, 'Beverly', 'McKea', '2025-05-11', 1),
(728, 'Jens', 'Langrish', '2025-07-24', 3),
(729, 'Saba', 'Reinbach', '2025-07-26', 2),
(730, 'Garner', 'Matuska', '2025-09-26', 3),
(731, 'Hoebart', 'Dreinan', '2025-06-29', 2),
(732, 'Simone', 'Somerfield', '2025-07-17', 2),
(733, 'Reed', 'Stening', '2024-10-30', 3),
(734, 'Juana', 'Franey', '2024-12-18', 1),
(735, 'Cristen', 'Hammerson', '2025-09-29', 3),
(736, 'Augustine', 'Poltun', '2025-06-24', 3),
(737, 'Samuele', 'Drillot', '2025-08-04', 2),
(738, 'Nicolle', 'Patriskson', '2025-07-07', 2),
(739, 'Joye', 'Matzel', '2025-02-20', 3),
(740, 'Alley', 'Titchener', '2025-05-16', 3),
(741, 'Simone', 'Loker', '2024-12-18', 1),
(742, 'Elfie', 'Geldert', '2025-05-16', 1),
(743, 'Merrilee', 'Tomaszewski', '2025-03-23', 1),
(744, 'Andi', 'Moreside', '2024-11-18', 1),
(745, 'Toiboid', 'Cranidge', '2025-08-02', 2),
(746, 'Avis', 'Guerner', '2025-04-12', 2),
(747, 'Bernelle', 'Lambourn', '2025-05-29', 3),
(748, 'Paulie', 'Polo', '2025-10-01', 3),
(749, 'Kit', 'Plail', '2025-05-11', 2),
(750, 'Pembroke', 'Klemencic', '2025-06-04', 1),
(751, 'Maynard', 'Clubley', '2025-04-25', 1),
(752, 'Helenka', 'Harrad', '2024-12-30', 3),
(753, 'Bernardina', 'MacSween', '2024-12-23', 1),
(754, 'Corabel', 'Daveridge', '2024-11-27', 3),
(755, 'Coleen', 'Treadaway', '2025-08-10', 3),
(756, 'Galina', 'McTrustram', '2025-09-26', 1),
(757, 'Mic', 'Kringe', '2024-11-01', 2),
(758, 'Stanwood', 'Beumant', '2025-08-02', 2),
(759, 'Thea', 'Tuckett', '2024-11-29', 1),
(760, 'Basilio', 'Coultass', '2025-04-18', 1),
(761, 'Pierette', 'Hassent', '2024-11-21', 3),
(762, 'Toni', 'Hauck', '2025-10-08', 1),
(763, 'Janeczka', 'Mocquer', '2025-10-11', 2),
(764, 'Dulcia', 'Champniss', '2025-06-01', 2),
(765, 'Mona', 'Pritchard', '2025-03-22', 2),
(766, 'Chrisy', 'Willerson', '2024-12-11', 1),
(767, 'Ailyn', 'Coggins', '2024-11-12', 1),
(768, 'Somerset', 'Farre', '2024-12-11', 1),
(769, 'Gracia', 'Claisse', '2025-03-01', 1),
(770, 'Jemie', 'Ashbe', '2025-02-03', 3),
(771, 'Nikos', 'Petroff', '2025-07-25', 2),
(772, 'Kit', 'Stennard', '2024-12-26', 1),
(773, 'Andee', 'Bonnesen', '2025-01-02', 1),
(774, 'Lindi', 'Cranham', '2024-11-07', 3),
(775, 'Carry', 'Newick', '2025-05-17', 1),
(776, 'Lukas', 'Greensite', '2024-12-09', 2),
(777, 'Chas', 'Handslip', '2025-08-19', 1),
(778, 'Caralie', 'Landeg', '2025-04-04', 2),
(779, 'Micky', 'Poyner', '2025-05-17', 2),
(780, 'Aubert', 'Flanigan', '2025-04-22', 1),
(781, 'Eve', 'Advani', '2025-06-18', 2),
(782, 'Jacintha', 'Damrell', '2024-10-30', 3),
(783, 'Harli', 'De Antoni', '2025-05-28', 2),
(784, 'Rockie', 'Wooldridge', '2025-01-19', 1),
(785, 'Lottie', 'Muggleton', '2025-04-24', 2),
(786, 'Jessee', 'Costain', '2025-03-07', 3),
(787, 'Katrina', 'Jonas', '2025-03-08', 1),
(788, 'Rey', 'McCraw', '2025-01-18', 3),
(789, 'Kerrill', 'Rosenblatt', '2025-09-14', 1),
(790, 'Brinn', 'Gorman', '2024-12-14', 2),
(791, 'Waverley', 'Almon', '2025-07-13', 2),
(792, 'Madelin', 'Dawton', '2025-05-22', 3),
(793, 'Agnes', 'Physick', '2024-11-10', 1),
(794, 'Lief', 'Braga', '2024-11-15', 3),
(795, 'Feodora', 'Grastye', '2024-11-30', 1),
(796, 'Sherwood', 'McCourt', '2024-11-09', 3),
(797, 'Xaviera', 'Yarrell', '2025-02-22', 1),
(798, 'Milo', 'Czajkowski', '2025-07-27', 1),
(799, 'Leonore', 'Pinnegar', '2024-11-19', 1),
(800, 'Emmye', 'Matley', '2025-05-24', 3),
(801, 'Xylina', 'Waddilove', '2025-01-19', 1),
(802, 'Sawyere', 'Fawks', '2024-11-14', 3),
(803, 'Rooney', 'Willoway', '2025-09-01', 3),
(804, 'Kayley', 'Adcock', '2025-05-12', 1),
(805, 'Emiline', 'Hubber', '2025-08-29', 1),
(806, 'Georgy', 'Brockbank', '2025-06-28', 2),
(807, 'Opaline', 'Kenny', '2025-06-03', 2),
(808, 'Banky', 'Koopman', '2025-04-28', 2),
(809, 'Zacharie', 'Silman', '2025-10-13', 3),
(810, 'Ludvig', 'Coode', '2025-06-03', 1),
(811, 'Randy', 'Dutton', '2025-06-11', 1),
(812, 'Bevvy', 'Saffon', '2025-02-17', 3),
(813, 'Nanice', 'Hilbourne', '2025-10-18', 1),
(814, 'Terrell', 'Hayward', '2024-12-04', 1),
(815, 'Robby', 'Jellyman', '2025-01-19', 1),
(816, 'Cobbie', 'Coopper', '2025-09-11', 3),
(817, 'Flossi', 'Pilmer', '2025-10-17', 3),
(818, 'Yettie', 'Dobson', '2025-08-02', 1),
(819, 'Vanni', 'Ranscomb', '2025-04-02', 3),
(820, 'Kaiser', 'Coundley', '2025-08-08', 3),
(821, 'Nessie', 'Savege', '2025-10-10', 1),
(822, 'Raychel', 'Bondley', '2024-10-23', 2),
(823, 'Bridie', 'Matschuk', '2025-05-14', 2),
(824, 'Melloney', 'Mc Gorley', '2025-08-17', 2),
(825, 'Casey', 'Meatyard', '2025-01-08', 3),
(826, 'Jaimie', 'Twizell', '2025-04-21', 3),
(827, 'Etta', 'Goning', '2025-10-01', 1),
(828, 'Salvatore', 'Pipes', '2025-05-03', 1),
(829, 'Rocky', 'Goodenough', '2025-10-15', 1),
(830, 'Agneta', 'Greenwood', '2025-08-01', 1),
(831, 'Dotti', 'Brack', '2025-01-13', 3),
(832, 'Lynnelle', 'Michele', '2024-11-12', 1),
(833, 'Lay', 'Hoxey', '2025-05-08', 3),
(834, 'Verge', 'Alessandrini', '2024-11-28', 3),
(835, 'Umeko', 'Fluck', '2025-05-08', 1),
(836, 'Abramo', 'Hutcheson', '2024-11-22', 3),
(837, 'Elsy', 'Crathorne', '2025-05-05', 3),
(838, 'Della', 'Dewhurst', '2025-04-10', 1),
(839, 'Palmer', 'Consterdine', '2025-09-03', 3),
(840, 'Gerik', 'Soughton', '2024-11-14', 1),
(841, 'Paola', 'Mazdon', '2025-07-23', 1),
(842, 'Tad', 'Sirett', '2024-11-23', 3),
(843, 'Quinta', 'Drakeley', '2025-07-18', 2),
(844, 'Wynn', 'Gealle', '2025-05-18', 1),
(845, 'Torie', 'Trett', '2025-04-03', 1),
(846, 'Marianna', 'Yeardley', '2025-09-12', 2),
(847, 'Parnell', 'Shea', '2025-07-08', 2),
(848, 'Cara', 'Delph', '2025-03-29', 3),
(849, 'Hildegaard', 'Vanns', '2025-06-22', 1),
(850, 'Merrily', 'Oliphand', '2025-04-04', 1),
(851, 'Walther', 'Beagles', '2025-03-24', 1),
(852, 'Justinn', 'Gimenez', '2025-05-15', 3),
(853, 'Tammy', 'Fierman', '2025-06-21', 2),
(854, 'Arne', 'Reiach', '2025-06-04', 1),
(855, 'Lusa', 'Louch', '2024-12-07', 3),
(856, 'Barnie', 'Harland', '2025-08-26', 3),
(857, 'Glyn', 'Birtle', '2024-12-21', 1),
(858, 'Westleigh', 'Figliovanni', '2024-10-30', 3),
(859, 'Tracey', 'Sievewright', '2025-08-02', 2),
(860, 'Queenie', 'Schober', '2025-01-16', 3),
(861, 'Merwyn', 'Esilmon', '2024-12-07', 3),
(862, 'Maribel', 'Cud', '2025-08-01', 2),
(863, 'Alyssa', 'Donoher', '2025-04-04', 3),
(864, 'Denys', 'Gussie', '2025-03-08', 3),
(865, 'Gustie', 'Dowdam', '2025-09-27', 1),
(866, 'Mischa', 'Hucker', '2025-03-08', 2),
(867, 'Jone', 'BoHlingolsen', '2025-09-24', 3),
(868, 'Phedra', 'Dewsnap', '2024-12-15', 3),
(869, 'Lin', 'Blacklidge', '2025-07-05', 2),
(870, 'Vail', 'Assante', '2025-01-25', 2),
(871, 'Sawyer', 'Cavey', '2025-03-26', 3),
(872, 'Nonnah', 'Newton', '2025-08-07', 3),
(873, 'Wit', 'Berre', '2025-02-11', 3),
(874, 'Filip', 'Von Gladbach', '2024-12-24', 2),
(875, 'Janela', 'Rodd', '2024-11-25', 3),
(876, 'Lammond', 'McCreary', '2025-02-23', 1),
(877, 'Quintin', 'Lofty', '2025-03-11', 3),
(878, 'Shanda', 'Gilvear', '2024-12-20', 1),
(879, 'Malorie', 'Friedlos', '2025-03-20', 3),
(880, 'Lyman', 'Waples', '2025-10-10', 3),
(881, 'Doretta', 'Brackenridge', '2025-05-03', 1),
(882, 'Laurice', 'Bleackley', '2025-02-23', 3),
(883, 'Tiebout', 'Doige', '2025-05-04', 1),
(884, 'Bayard', 'Ramshay', '2025-04-10', 2),
(885, 'Dominique', 'Mulligan', '2025-05-22', 2),
(886, 'Erinn', 'Sangar', '2025-02-16', 1),
(887, 'Maribel', 'Grimsdell', '2024-12-08', 1),
(888, 'Antonetta', 'Dayes', '2025-06-02', 2),
(889, 'Ricky', 'Rablin', '2025-09-04', 2),
(890, 'Godfrey', 'Hurling', '2025-03-20', 1),
(891, 'Malia', 'McRobb', '2025-02-24', 1),
(892, 'Adelaida', 'Chritchlow', '2025-05-02', 2),
(893, 'Natalee', 'Zouch', '2024-12-28', 2),
(894, 'Genvieve', 'Houson', '2025-07-08', 2),
(895, 'Horatius', 'MacChaell', '2025-04-02', 2),
(896, 'Thornie', 'Dayton', '2025-05-21', 2),
(897, 'Donal', 'Troillet', '2025-06-02', 1),
(898, 'Barbabas', 'Armall', '2025-06-07', 1),
(899, 'Gillie', 'Coverly', '2025-05-28', 2),
(900, 'Barnaby', 'Trowel', '2025-07-11', 2),
(901, 'Jocelin', 'Presswell', '2025-03-02', 3),
(902, 'Amber', 'Fleury', '2025-04-20', 3),
(903, 'Marquita', 'Lygo', '2025-07-04', 3),
(904, 'Jacintha', 'Rioch', '2025-02-12', 3),
(905, 'Regen', 'Hillin', '2025-03-21', 2),
(906, 'Isa', 'Swain', '2025-05-15', 3),
(907, 'Corrie', 'Nassy', '2025-04-12', 1),
(908, 'Tristan', 'Murtell', '2025-09-05', 3),
(909, 'Conney', 'Look', '2025-01-01', 2),
(910, 'Micheal', 'Klugman', '2025-09-25', 3),
(911, 'Pippa', 'Harrisson', '2025-05-04', 1),
(912, 'Ginger', 'O\'Spellissey', '2024-11-16', 3),
(913, 'Aurel', 'Masdon', '2025-04-07', 2),
(914, 'Thekla', 'Cavaney', '2025-09-21', 2),
(915, 'Fredia', 'McDougall', '2025-04-22', 3),
(916, 'Cinnamon', 'Boniface', '2025-09-24', 1),
(917, 'Mead', 'Abbots', '2025-02-15', 3),
(918, 'Standford', 'Pindell', '2025-09-08', 2),
(919, 'Milli', 'Ship', '2025-02-21', 2),
(920, 'Stevana', 'Lunney', '2025-08-17', 3),
(921, 'Tasha', 'Delaney', '2025-10-18', 3),
(922, 'Peri', 'McLachlan', '2025-06-01', 3),
(923, 'Jaymie', 'Kobiela', '2025-01-24', 3),
(924, 'Fidela', 'Aphale', '2025-10-08', 3),
(925, 'Merill', 'Westfield', '2024-10-26', 3),
(926, 'Elianora', 'Nolda', '2025-01-14', 1),
(927, 'Ruy', 'Extil', '2025-07-20', 1),
(928, 'Maiga', 'Fowler', '2025-04-04', 1),
(929, 'Mead', 'Maslen', '2025-08-21', 2),
(930, 'Alecia', 'Goodsell', '2025-01-05', 3),
(931, 'Lianne', 'Moresby', '2025-07-18', 2),
(932, 'Chloette', 'Skein', '2025-07-11', 2),
(933, 'Eba', 'Lettice', '2024-11-28', 2),
(934, 'Byrom', 'McCallum', '2025-02-25', 1),
(935, 'Aleksandr', 'Januszewski', '2025-05-09', 1),
(936, 'Major', 'Denty', '2024-11-13', 1),
(937, 'Jon', 'Itzig', '2025-01-03', 1),
(938, 'Bernice', 'Mityukov', '2025-05-15', 3),
(939, 'Donall', 'Rowbottom', '2025-03-29', 3),
(940, 'Augustina', 'Syrad', '2025-05-14', 1),
(941, 'Waite', 'Cuttell', '2025-02-28', 2),
(942, 'Ramona', 'Brankley', '2025-08-08', 1),
(943, 'Amelie', 'Georgeou', '2024-12-20', 1),
(944, 'Faulkner', 'Pallaske', '2025-03-04', 2),
(945, 'Cybil', 'Wrighton', '2024-11-02', 1),
(946, 'Hersch', 'O\' Faherty', '2025-02-25', 1),
(947, 'Ailina', 'Ings', '2025-02-28', 3),
(948, 'Guinna', 'Izzett', '2025-08-30', 1),
(949, 'Wilhelm', 'Roland', '2025-03-14', 2),
(950, 'Markus', 'Nurse', '2025-08-18', 2),
(951, 'Callie', 'Pirozzi', '2025-07-30', 2),
(952, 'Norry', 'Housiaux', '2025-05-31', 2),
(953, 'Aylmer', 'Olennikov', '2024-12-02', 2),
(954, 'Janeczka', 'Gooke', '2025-02-07', 2),
(955, 'Fran', 'Brigham', '2025-03-03', 1),
(956, 'Angil', 'Bird', '2025-08-31', 3),
(957, 'Cobb', 'Harnott', '2025-06-22', 2),
(958, 'Dyan', 'Harlow', '2025-08-02', 1),
(959, 'Siana', 'Illston', '2025-02-05', 1),
(960, 'Allyn', 'MacCard', '2025-07-16', 2),
(961, 'Henry', 'Aleveque', '2024-11-14', 2),
(962, 'Griffie', 'Feeny', '2025-08-10', 1),
(963, 'Parnell', 'Pappi', '2025-10-03', 2),
(964, 'Thomasine', 'Dorsett', '2024-11-04', 3),
(965, 'Minnnie', 'Drewery', '2024-10-22', 2),
(966, 'Alexine', 'Mealiffe', '2025-07-11', 1),
(967, 'Merrilee', 'Sarsfield', '2025-01-22', 2),
(968, 'Skip', 'Baskwell', '2025-01-01', 3),
(969, 'Rivy', 'Axten', '2025-02-13', 1),
(970, 'Virgie', 'Kenaway', '2025-10-06', 1),
(971, 'Crista', 'Bratchell', '2025-01-05', 3),
(972, 'Isabeau', 'Fitchell', '2025-01-24', 3),
(973, 'Rosalinde', 'Barracks', '2025-10-15', 1),
(974, 'Cher', 'Sans', '2024-10-20', 3),
(975, 'Dulce', 'Worviell', '2025-07-28', 2),
(976, 'Tammy', 'Girardot', '2024-12-01', 3),
(977, 'Gus', 'Jarmaine', '2025-09-21', 1),
(978, 'Leonerd', 'Lait', '2025-06-01', 3),
(979, 'Cornall', 'Moulds', '2025-02-20', 1),
(980, 'Abel', 'Riseam', '2025-09-04', 2),
(981, 'Mollee', 'Langthorne', '2025-10-02', 2),
(982, 'Herbie', 'Broster', '2025-04-10', 3),
(983, 'Quill', 'Filipic', '2025-02-09', 3),
(984, 'Laurianne', 'Quirk', '2025-09-13', 3),
(985, 'Forester', 'Ohm', '2025-06-15', 3),
(986, 'Mirna', 'Bloxsome', '2024-11-10', 2),
(987, 'Sadie', 'Wybern', '2025-04-29', 2),
(988, 'Gilemette', 'Fordy', '2025-01-15', 2),
(989, 'Valentijn', 'Godsell', '2025-09-06', 2),
(990, 'Lurline', 'Drinan', '2025-02-12', 3),
(991, 'Giulia', 'Conti', '2025-03-04', 3),
(992, 'Rivalee', 'Mapham', '2025-05-01', 1),
(993, 'Carmon', 'Keats', '2025-09-11', 1),
(994, 'Kit', 'Broschke', '2025-06-11', 2),
(995, 'Grissel', 'Atlay', '2025-01-01', 1),
(996, 'Lena', 'L\'Hommee', '2025-03-06', 2),
(997, 'Nickie', 'Phonix', '2024-11-24', 2),
(998, 'Mill', 'Castilla', '2024-12-07', 3),
(999, 'Alain', 'Coxwell', '2025-03-28', 3),
(1000, 'Trude', 'Riddiford', '2024-12-10', 3);

-- --------------------------------------------------------

--
-- Table structure for table `tilat`
--

CREATE TABLE `tilat` (
  `tunnus` int(11) NOT NULL,
  `nimi` varchar(100) DEFAULT NULL,
  `kapasiteetti` int(11) DEFAULT NULL CHECK (`kapasiteetti` between 20 and 200)
) ENGINE=InnoDB DEFAULT CHARSET=utf8mb4 COLLATE=utf8mb4_general_ci;

--
-- Dumping data for table `tilat`
--

INSERT INTO `tilat` (`tunnus`, `nimi`, `kapasiteetti`) VALUES
(1, 'S131', 177),
(2, 'I159', 128),
(3, 'G668', 166),
(4, 'I404', 107),
(5, 'S992', 48),
(6, 'Y045', 82),
(7, 'V816', 145),
(8, 'U685', 24),
(9, 'T337', 135),
(10, 'D101', 153),
(11, 'E479', 37),
(12, 'W491', 77),
(13, 'H635', 77),
(14, 'G939', 178),
(15, 'P375', 27),
(16, 'P804', 62),
(17, 'P529', 145),
(18, 'F562', 116),
(19, 'A214', 168),
(20, 'C465', 152),
(21, 'M975', 50),
(22, 'E327', 157),
(23, 'F067', 96),
(24, 'X964', 168),
(25, 'V820', 101),
(26, 'S870', 129),
(27, 'X544', 151),
(28, 'C458', 29),
(29, 'D211', 53),
(30, 'D976', 131),
(31, 'P323', 186),
(32, 'Y617', 158),
(33, 'L885', 170),
(34, 'P432', 53),
(35, 'G814', 67),
(36, 'Q551', 137),
(37, 'M516', 111),
(38, 'K111', 118),
(39, 'V857', 63),
(40, 'O087', 65),
(41, 'P268', 158),
(42, 'N911', 142),
(43, 'Y461', 89),
(44, 'D876', 33),
(45, 'W336', 63),
(46, 'F736', 115),
(47, 'U426', 151),
(48, 'G452', 197),
(49, 'U990', 116),
(50, 'W979', 166),
(51, 'Z325', 174),
(52, 'N230', 152),
(53, 'F671', 144),
(54, 'S967', 126),
(55, 'B171', 30),
(56, 'Y602', 178),
(57, 'Y242', 131),
(58, 'R580', 144),
(59, 'E435', 88),
(60, 'B795', 136),
(61, 'O552', 94),
(62, 'C986', 194),
(63, 'M141', 66),
(64, 'Y627', 64),
(65, 'L865', 96),
(66, 'S430', 22),
(67, 'L175', 37),
(68, 'W048', 153),
(69, 'L781', 23),
(70, 'R912', 164),
(71, 'M812', 187),
(72, 'K584', 183),
(73, 'O799', 82),
(74, 'F391', 45),
(75, 'Q473', 123),
(76, 'V411', 95),
(77, 'X807', 32),
(78, 'Z721', 68),
(79, 'H498', 59),
(80, 'E865', 185),
(81, 'P550', 120),
(82, 'K813', 74),
(83, 'J462', 127),
(84, 'V564', 86),
(85, 'P178', 54),
(86, 'Y495', 68),
(87, 'P844', 75),
(88, 'H114', 133),
(89, 'T234', 177),
(90, 'W486', 94),
(91, 'O408', 153),
(92, 'L151', 32),
(93, 'Y070', 121),
(94, 'N708', 61),
(95, 'F195', 140),
(96, 'D475', 38),
(97, 'T441', 111),
(98, 'C823', 190),
(99, 'M769', 71),
(100, 'U075', 150),
(101, 'A003', 51),
(102, 'S321', 23),
(103, 'M330', 73),
(104, 'X326', 41),
(105, 'Y778', 59),
(106, 'M504', 161),
(107, 'B079', 142),
(108, 'B250', 60),
(109, 'Z178', 26),
(110, 'Z911', 149),
(111, 'W452', 176),
(112, 'N189', 72),
(113, 'B687', 135),
(114, 'Q153', 133),
(115, 'M565', 120),
(116, 'S769', 102),
(117, 'T411', 31),
(118, 'V261', 94),
(119, 'K730', 125),
(120, 'I302', 113),
(121, 'F138', 57),
(122, 'U612', 155),
(123, 'G197', 172),
(124, 'N339', 84),
(125, 'R108', 175),
(126, 'P763', 60),
(127, 'C415', 141),
(128, 'J391', 115),
(129, 'P881', 114),
(130, 'O161', 138),
(131, 'L888', 84),
(132, 'C713', 129),
(133, 'I361', 191),
(134, 'Q834', 105),
(135, 'E258', 165),
(136, 'X738', 129),
(137, 'Y313', 24),
(138, 'W895', 55),
(139, 'B466', 120),
(140, 'H027', 72),
(141, 'M841', 196),
(142, 'V955', 105),
(143, 'K661', 139),
(144, 'Y856', 49),
(145, 'R547', 61),
(146, 'R349', 134),
(147, 'U002', 168),
(148, 'E731', 129),
(149, 'R694', 147),
(150, 'T536', 178),
(151, 'L610', 171),
(152, 'R015', 80),
(153, 'E252', 132),
(154, 'X471', 41),
(155, 'X873', 77),
(156, 'Z167', 97),
(157, 'B879', 29),
(158, 'R148', 170),
(159, 'Y495', 69),
(160, 'F405', 198),
(161, 'H749', 197),
(162, 'N055', 139),
(163, 'H564', 151),
(164, 'J859', 57),
(165, 'Q404', 80),
(166, 'J910', 99),
(167, 'S391', 145),
(168, 'O652', 53),
(169, 'Z152', 38),
(170, 'U662', 81),
(171, 'Q403', 113),
(172, 'V422', 126),
(173, 'F526', 110),
(174, 'H621', 35),
(175, 'W903', 94),
(176, 'S426', 20),
(177, 'C771', 132),
(178, 'V264', 137),
(179, 'W154', 32),
(180, 'A873', 39),
(181, 'U676', 86),
(182, 'Z567', 106),
(183, 'N333', 190),
(184, 'C197', 64),
(185, 'I002', 117),
(186, 'Y671', 41),
(187, 'O609', 32),
(188, 'W227', 133),
(189, 'F443', 176),
(190, 'N520', 47),
(191, 'P067', 138),
(192, 'H151', 151),
(193, 'B513', 118),
(194, 'M782', 189),
(195, 'Z614', 140),
(196, 'B753', 127),
(197, 'U548', 110),
(198, 'D227', 196),
(199, 'N499', 111),
(200, 'Q326', 98),
(201, 'P079', 54),
(202, 'O011', 155),
(203, 'X972', 119),
(204, 'J409', 83),
(205, 'K912', 160),
(206, 'G846', 117),
(207, 'W991', 120),
(208, 'M656', 69),
(209, 'E990', 102),
(210, 'C343', 43),
(211, 'Z423', 195),
(212, 'X548', 199),
(213, 'U291', 191),
(214, 'I086', 189),
(215, 'P727', 159),
(216, 'J716', 99),
(217, 'W185', 149),
(218, 'J742', 100),
(219, 'S955', 199),
(220, 'U915', 165),
(221, 'Q264', 108),
(222, 'N387', 45),
(223, 'H564', 58),
(224, 'M795', 45),
(225, 'M879', 71),
(226, 'T204', 37),
(227, 'H634', 110),
(228, 'V269', 25),
(229, 'O023', 166),
(230, 'T303', 159),
(231, 'H442', 34),
(232, 'B965', 36),
(233, 'D047', 33),
(234, 'W287', 37),
(235, 'H032', 23),
(236, 'U244', 35),
(237, 'K639', 58),
(238, 'B275', 42),
(239, 'O212', 194),
(240, 'S745', 82),
(241, 'G323', 76),
(242, 'U842', 117),
(243, 'A858', 121),
(244, 'P019', 141),
(245, 'P531', 46),
(246, 'C613', 106),
(247, 'V705', 171),
(248, 'W634', 110),
(249, 'R470', 52),
(250, 'X319', 39),
(251, 'W506', 88),
(252, 'V868', 85),
(253, 'Q843', 22),
(254, 'H942', 175),
(255, 'X027', 179),
(256, 'R008', 83),
(257, 'I887', 77),
(258, 'K573', 99),
(259, 'J395', 53),
(260, 'V045', 81),
(261, 'N798', 95),
(262, 'M445', 179),
(263, 'F555', 189),
(264, 'U090', 179),
(265, 'S433', 169),
(266, 'D074', 166),
(267, 'N171', 91),
(268, 'C317', 60),
(269, 'M348', 118),
(270, 'X853', 197),
(271, 'O848', 137),
(272, 'L225', 107),
(273, 'C066', 162),
(274, 'C636', 100),
(275, 'U728', 118),
(276, 'F530', 172),
(277, 'E946', 29),
(278, 'X206', 128),
(279, 'Y365', 68),
(280, 'P088', 30),
(281, 'W830', 175),
(282, 'E158', 57),
(283, 'Y476', 30),
(284, 'A505', 182),
(285, 'L335', 189),
(286, 'Y867', 169),
(287, 'D175', 118),
(288, 'L808', 114),
(289, 'Q687', 26),
(290, 'R181', 80),
(291, 'V067', 70),
(292, 'B525', 113),
(293, 'N589', 32),
(294, 'M608', 138),
(295, 'E502', 28),
(296, 'M379', 60),
(297, 'Q529', 139),
(298, 'M602', 69),
(299, 'E453', 177),
(300, 'G118', 75),
(301, 'G762', 81),
(302, 'A732', 186),
(303, 'B297', 93),
(304, 'V985', 47),
(305, 'R546', 92),
(306, 'P852', 78),
(307, 'U967', 193),
(308, 'L623', 66),
(309, 'Z384', 195),
(310, 'S144', 174),
(311, 'K456', 129),
(312, 'C278', 115),
(313, 'J713', 181),
(314, 'O891', 137),
(315, 'A101', 85),
(316, 'W274', 83),
(317, 'B208', 95),
(318, 'F749', 157),
(319, 'L507', 30),
(320, 'L259', 155),
(321, 'Q570', 28),
(322, 'P701', 97),
(323, 'C099', 181),
(324, 'E390', 127),
(325, 'W683', 107),
(326, 'I207', 100),
(327, 'Q240', 134),
(328, 'X579', 52),
(329, 'N869', 110),
(330, 'J434', 187),
(331, 'L652', 175),
(332, 'J948', 24),
(333, 'B520', 30),
(334, 'S542', 118),
(335, 'C040', 156),
(336, 'P587', 160),
(337, 'B747', 23),
(338, 'U119', 123),
(339, 'E802', 32),
(340, 'Q073', 171),
(341, 'W233', 117),
(342, 'L602', 60),
(343, 'L147', 165),
(344, 'J658', 54),
(345, 'H174', 173),
(346, 'D783', 47),
(347, 'V312', 24),
(348, 'N254', 190),
(349, 'T635', 168),
(350, 'B082', 119),
(351, 'P521', 108),
(352, 'T162', 170),
(353, 'U070', 72),
(354, 'B412', 168),
(355, 'J668', 89),
(356, 'C217', 130),
(357, 'T295', 44),
(358, 'T068', 35),
(359, 'Y484', 194),
(360, 'S452', 139),
(361, 'H232', 84),
(362, 'R122', 100),
(363, 'B667', 74),
(364, 'T490', 159),
(365, 'J989', 193),
(366, 'U086', 197),
(367, 'Y072', 42),
(368, 'W117', 168),
(369, 'S699', 108),
(370, 'X083', 36),
(371, 'M476', 22),
(372, 'M463', 72),
(373, 'C630', 195),
(374, 'Y435', 57),
(375, 'X927', 40),
(376, 'G190', 21),
(377, 'B934', 54),
(378, 'O340', 71),
(379, 'L009', 91),
(380, 'U033', 49),
(381, 'P514', 47),
(382, 'L216', 74),
(383, 'B869', 129),
(384, 'L676', 81),
(385, 'G871', 69),
(386, 'P225', 20),
(387, 'G287', 67),
(388, 'N712', 138),
(389, 'Z068', 35),
(390, 'I949', 89),
(391, 'X345', 158),
(392, 'W771', 76),
(393, 'A061', 140),
(394, 'L520', 126),
(395, 'I682', 149),
(396, 'C464', 178),
(397, 'Z117', 33),
(398, 'D951', 64),
(399, 'J105', 134),
(400, 'A366', 68);

--
-- Indexes for dumped tables
--

--
-- Indexes for table `kurssikirjautumiset`
--
ALTER TABLE `kurssikirjautumiset`
  ADD PRIMARY KEY (`tunnus`),
  ADD UNIQUE KEY `opiskelija` (`opiskelija`,`kurssi`),
  ADD KEY `kurssi` (`kurssi`);

--
-- Indexes for table `kurssit`
--
ALTER TABLE `kurssit`
  ADD PRIMARY KEY (`tunnus`),
  ADD KEY `opettaja` (`opettaja`),
  ADD KEY `tila` (`tila`);

--
-- Indexes for table `opettajat`
--
ALTER TABLE `opettajat`
  ADD PRIMARY KEY (`tunnusnumero`);

--
-- Indexes for table `opiskelijat`
--
ALTER TABLE `opiskelijat`
  ADD PRIMARY KEY (`opiskelijanumero`);

--
-- Indexes for table `tilat`
--
ALTER TABLE `tilat`
  ADD PRIMARY KEY (`tunnus`);

--
-- AUTO_INCREMENT for dumped tables
--

--
-- AUTO_INCREMENT for table `kurssikirjautumiset`
--
ALTER TABLE `kurssikirjautumiset`
  MODIFY `tunnus` int(11) NOT NULL AUTO_INCREMENT, AUTO_INCREMENT=601;

--
-- AUTO_INCREMENT for table `kurssit`
--
ALTER TABLE `kurssit`
  MODIFY `tunnus` int(11) NOT NULL AUTO_INCREMENT;

--
-- AUTO_INCREMENT for table `opettajat`
--
ALTER TABLE `opettajat`
  MODIFY `tunnusnumero` int(11) NOT NULL AUTO_INCREMENT, AUTO_INCREMENT=101;

--
-- AUTO_INCREMENT for table `opiskelijat`
--
ALTER TABLE `opiskelijat`
  MODIFY `opiskelijanumero` int(11) NOT NULL AUTO_INCREMENT, AUTO_INCREMENT=1001;

--
-- AUTO_INCREMENT for table `tilat`
--
ALTER TABLE `tilat`
  MODIFY `tunnus` int(11) NOT NULL AUTO_INCREMENT, AUTO_INCREMENT=401;

--
-- Constraints for dumped tables
--

--
-- Constraints for table `kurssikirjautumiset`
--
ALTER TABLE `kurssikirjautumiset`
  ADD CONSTRAINT `kurssikirjautumiset_ibfk_1` FOREIGN KEY (`opiskelija`) REFERENCES `opiskelijat` (`opiskelijanumero`) ON DELETE CASCADE ON UPDATE CASCADE,
  ADD CONSTRAINT `kurssikirjautumiset_ibfk_2` FOREIGN KEY (`kurssi`) REFERENCES `kurssit` (`tunnus`) ON DELETE CASCADE ON UPDATE CASCADE;

--
-- Constraints for table `kurssit`
--
ALTER TABLE `kurssit`
  ADD CONSTRAINT `kurssit_ibfk_1` FOREIGN KEY (`opettaja`) REFERENCES `opettajat` (`tunnusnumero`) ON DELETE CASCADE ON UPDATE CASCADE,
  ADD CONSTRAINT `kurssit_ibfk_2` FOREIGN KEY (`tila`) REFERENCES `tilat` (`tunnus`) ON DELETE CASCADE ON UPDATE CASCADE;
COMMIT;

/*!40101 SET CHARACTER_SET_CLIENT=@OLD_CHARACTER_SET_CLIENT */;
/*!40101 SET CHARACTER_SET_RESULTS=@OLD_CHARACTER_SET_RESULTS */;
/*!40101 SET COLLATION_CONNECTION=@OLD_COLLATION_CONNECTION */;
